timestamp,buyer,seller,symbol,currency,price,quantity,day
0,,,AMETHYSTS,SEASHELLS,9996.0,1,-2
0,,,STARFRUIT,SEASHELLS,5003.0,1,-2
0,,,AMETHYSTS,SEASHELLS,9996.0,1,-2
100,,,STARFRUIT,SEASHELLS,5004.0,6,-2
900,,,STARFRUIT,SEASHELLS,5001.0,2,-2
1000,,,STARFRUIT,SEASHELLS,4997.0,2,-2
1100,,,STARFRUIT,SEASHELLS,4997.0,1,-2
1500,,,STARFRUIT,SEASHELLS,5003.0,1,-2
1500,,,AMETHYSTS,SEASHELLS,10004.0,1,-2
1800,,,STARFRUIT,SEASHELLS,5001.0,10,-2
1800,,,STARFRUIT,SEASHELLS,5001.0,1,-2
1800,,,STARFRUIT,SEASHELLS,5002.0,1,-2
20200,,,AMETHYSTS,SEASHELLS,10002.0,1,-2
20300,,,STARFRUIT,SEASHELLS,5002.0,1,-2
20600,,,AMETHYSTS,SEASHELLS,9998.0,1,-2
20600,,,AMETHYSTS,SEASHELLS,9995.0,9,-2
20900,,,STARFRUIT,SEASHELLS,5002.0,1,-2
20900,,,AMETHYSTS,SEASHELLS,9998.0,1,-2
21300,,,AMETHYSTS,SEASHELLS,10002.0,1,-2
21300,,,STARFRUIT,SEASHELLS,5002.0,1,-2
21400,,,STARFRUIT,SEASHELLS,5001.0,1,-2
21800,,,STARFRUIT,SEASHELLS,5001.0,1,-2
40100,,,STARFRUIT,SEASHELLS,4992.0,1,-2
40200,,,STARFRUIT,SEASHELLS,4997.0,5,-2
40300,,,STARFRUIT,SEASHELLS,4994.0,2,-2
40600,,,STARFRUIT,SEASHELLS,4992.0,1,-2
40700,,,STARFRUIT,SEASHELLS,4996.0,3,-2
40900,,,STARFRUIT,SEASHELLS,4992.0,3,-2
41100,,,STARFRUIT,SEASHELLS,4991.0,1,-2
41100,,,STARFRUIT,SEASHELLS,4995.0,9,-2
41500,,,AMETHYSTS,SEASHELLS,10002.0,1,-2
41500,,,AMETHYSTS,SEASHELLS,10000.0,2,-2
41600,,,AMETHYSTS,SEASHELLS,9995.0,1,-2
41600,,,STARFRUIT,SEASHELLS,4990.0,1,-2
60000,,,STARFRUIT,SEASHELLS,4987.0,1,-2
60200,,,AMETHYSTS,SEASHELLS,9996.0,1,-2
60200,,,AMETHYSTS,SEASHELLS,9996.0,1,-2
60200,,,STARFRUIT,SEASHELLS,4983.0,1,-2
60200,,,STARFRUIT,SEASHELLS,4983.0,1,-2
60300,,,AMETHYSTS,SEASHELLS,9996.0,6,-2
60300,,,AMETHYSTS,SEASHELLS,9996.0,2,-2
60400,,,AMETHYSTS,SEASHELLS,9998.0,1,-2
60500,,,STARFRUIT,SEASHELLS,4985.0,3,-2
60500,,,AMETHYSTS,SEASHELLS,9998.0,1,-2
60600,,,STARFRUIT,SEASHELLS,4984.0,1,-2
61100,,,STARFRUIT,SEASHELLS,4990.0,2,-2
61100,,,AMETHYSTS,SEASHELLS,10002.0,1,-2
61100,,,STARFRUIT,SEASHELLS,4987.0,5,-2
61100,,,AMETHYSTS,SEASHELLS,10005.0,2,-2
61300,,,STARFRUIT,SEASHELLS,4987.0,1,-2
80100,,,STARFRUIT,SEASHELLS,4986.0,1,-2
80300,,,AMETHYSTS,SEASHELLS,10002.0,1,-2
80500,,,STARFRUIT,SEASHELLS,4981.0,1,-2
80800,,,AMETHYSTS,SEASHELLS,10002.0,1,-2
81300,,,AMETHYSTS,SEASHELLS,9998.0,1,-2
81300,,,STARFRUIT,SEASHELLS,4986.0,1,-2
81700,,,AMETHYSTS,SEASHELLS,10002.0,1,-2
81800,,,STARFRUIT,SEASHELLS,4981.0,1,-2
81800,,,AMETHYSTS,SEASHELLS,9998.0,1,-2
81900,,,STARFRUIT,SEASHELLS,4984.0,4,-2
100000,,,STARFRUIT,SEASHELLS,4987.0,14,-2
100100,,,AMETHYSTS,SEASHELLS,9998.0,1,-2
100100,,,STARFRUIT,SEASHELLS,4987.0,1,-2
100500,,,AMETHYSTS,SEASHELLS,9998.0,1,-2
101400,,,STARFRUIT,SEASHELLS,4987.0,2,-2
120200,,,AMETHYSTS,SEASHELLS,10002.0,1,-2
120200,,,STARFRUIT,SEASHELLS,4973.0,1,-2
120500,,,AMETHYSTS,SEASHELLS,9998.0,3,-2
120700,,,STARFRUIT,SEASHELLS,4973.0,1,-2
120800,,,STARFRUIT,SEASHELLS,4978.0,1,-2
120800,,,AMETHYSTS,SEASHELLS,10000.0,2,-2
120900,,,AMETHYSTS,SEASHELLS,9998.0,1,-2
121300,,,STARFRUIT,SEASHELLS,4981.0,9,-2
121800,,,AMETHYSTS,SEASHELLS,9998.0,2,-2
140400,,,STARFRUIT,SEASHELLS,4971.0,1,-2
140700,,,AMETHYSTS,SEASHELLS,9998.0,2,-2
140800,,,STARFRUIT,SEASHELLS,4966.0,1,-2
140900,,,STARFRUIT,SEASHELLS,4965.0,1,-2
141100,,,AMETHYSTS,SEASHELLS,9998.0,1,-2
141200,,,STARFRUIT,SEASHELLS,4964.0,11,-2
141400,,,STARFRUIT,SEASHELLS,4969.0,1,-2
141600,,,STARFRUIT,SEASHELLS,4969.0,1,-2
141700,,,STARFRUIT,SEASHELLS,4968.0,10,-2
160200,,,STARFRUIT,SEASHELLS,4964.0,1,-2
160300,,,STARFRUIT,SEASHELLS,4969.0,1,-2
160400,,,STARFRUIT,SEASHELLS,4963.0,1,-2
160700,,,STARFRUIT,SEASHELLS,4963.0,1,-2
160800,,,STARFRUIT,SEASHELLS,4969.0,13,-2
161200,,,STARFRUIT,SEASHELLS,4964.0,3,-2
161400,,,STARFRUIT,SEASHELLS,4969.0,13,-2
161800,,,STARFRUIT,SEASHELLS,4962.0,1,-2
180000,,,STARFRUIT,SEASHELLS,4957.0,1,-2
180500,,,STARFRUIT,SEASHELLS,4956.0,1,-2
180900,,,AMETHYSTS,SEASHELLS,9998.0,1,-2
180900,,,AMETHYSTS,SEASHELLS,9998.0,2,-2
181000,,,AMETHYSTS,SEASHELLS,10002.0,1,-2
181400,,,STARFRUIT,SEASHELLS,4957.0,1,-2
181500,,,STARFRUIT,SEASHELLS,4957.0,2,-2
181600,,,AMETHYSTS,SEASHELLS,9996.0,1,-2
181800,,,AMETHYSTS,SEASHELLS,10005.0,2,-2
181800,,,STARFRUIT,SEASHELLS,4961.0,2,-2
200100,,,AMETHYSTS,SEASHELLS,9996.0,1,-2
200200,,,STARFRUIT,SEASHELLS,4956.0,3,-2
200300,,,AMETHYSTS,SEASHELLS,9996.0,1,-2
200300,,,STARFRUIT,SEASHELLS,4952.0,1,-2
200300,,,STARFRUIT,SEASHELLS,4952.0,1,-2
200300,,,AMETHYSTS,SEASHELLS,9996.0,1,-2
200400,,,AMETHYSTS,SEASHELLS,10004.0,7,-2
200400,,,AMETHYSTS,SEASHELLS,10004.0,1,-2
200500,,,AMETHYSTS,SEASHELLS,10004.0,2,-2
200500,,,STARFRUIT,SEASHELLS,4958.0,2,-2
200600,,,AMETHYSTS,SEASHELLS,10002.0,2,-2
200600,,,AMETHYSTS,SEASHELLS,10002.0,1,-2
200600,,,STARFRUIT,SEASHELLS,4952.0,2,-2
201700,,,AMETHYSTS,SEASHELLS,9998.0,1,-2
201700,,,AMETHYSTS,SEASHELLS,9996.0,2,-2
201700,,,AMETHYSTS,SEASHELLS,9996.0,1,-2
201900,,,AMETHYSTS,SEASHELLS,9998.0,1,-2
220100,,,STARFRUIT,SEASHELLS,4958.0,1,-2
220100,,,AMETHYSTS,SEASHELLS,9996.0,1,-2
220300,,,STARFRUIT,SEASHELLS,4952.0,2,-2
220300,,,AMETHYSTS,SEASHELLS,10002.0,1,-2
220800,,,STARFRUIT,SEASHELLS,4954.0,1,-2
221500,,,STARFRUIT,SEASHELLS,4958.0,1,-2
221700,,,STARFRUIT,SEASHELLS,4953.0,1,-2
221800,,,STARFRUIT,SEASHELLS,4953.0,12,-2
221800,,,STARFRUIT,SEASHELLS,4956.0,6,-2
240100,,,AMETHYSTS,SEASHELLS,9998.0,1,-2
240700,,,AMETHYSTS,SEASHELLS,9998.0,1,-2
241000,,,STARFRUIT,SEASHELLS,4953.0,1,-2
241200,,,STARFRUIT,SEASHELLS,4954.0,1,-2
241200,,,AMETHYSTS,SEASHELLS,9998.0,3,-2
241300,,,AMETHYSTS,SEASHELLS,9998.0,8,-2
241300,,,AMETHYSTS,SEASHELLS,9998.0,4,-2
241400,,,AMETHYSTS,SEASHELLS,9996.0,1,-2
241400,,,AMETHYSTS,SEASHELLS,9996.0,9,-2
241500,,,STARFRUIT,SEASHELLS,4954.0,1,-2
241600,,,STARFRUIT,SEASHELLS,4957.0,2,-2
241700,,,STARFRUIT,SEASHELLS,4960.0,2,-2
241700,,,AMETHYSTS,SEASHELLS,10002.0,2,-2
241800,,,AMETHYSTS,SEASHELLS,10002.0,1,-2
260000,,,AMETHYSTS,SEASHELLS,10002.0,1,-2
260200,,,AMETHYSTS,SEASHELLS,9995.0,1,-2
260200,,,STARFRUIT,SEASHELLS,4951.0,1,-2
260300,,,AMETHYSTS,SEASHELLS,10002.0,1,-2
260300,,,STARFRUIT,SEASHELLS,4951.0,1,-2
260600,,,STARFRUIT,SEASHELLS,4951.0,1,-2
260600,,,AMETHYSTS,SEASHELLS,10004.0,1,-2
261000,,,STARFRUIT,SEASHELLS,4956.0,1,-2
261200,,,AMETHYSTS,SEASHELLS,10002.0,1,-2
261300,,,AMETHYSTS,SEASHELLS,10002.0,1,-2
261500,,,STARFRUIT,SEASHELLS,4952.0,1,-2
261500,,,AMETHYSTS,SEASHELLS,9998.0,1,-2
261600,,,AMETHYSTS,SEASHELLS,10002.0,1,-2
261700,,,STARFRUIT,SEASHELLS,4957.0,6,-2
261800,,,STARFRUIT,SEASHELLS,4957.0,1,-2
261900,,,STARFRUIT,SEASHELLS,4952.0,1,-2
280200,,,STARFRUIT,SEASHELLS,4960.0,2,-2
280300,,,STARFRUIT,SEASHELLS,4960.0,1,-2
280400,,,AMETHYSTS,SEASHELLS,10004.0,2,-2
280400,,,STARFRUIT,SEASHELLS,4961.0,3,-2
280400,,,STARFRUIT,SEASHELLS,4966.0,2,-2
280900,,,AMETHYSTS,SEASHELLS,10000.0,2,-2
281100,,,AMETHYSTS,SEASHELLS,10002.0,5,-2
300500,,,STARFRUIT,SEASHELLS,4963.0,3,-2
300800,,,STARFRUIT,SEASHELLS,4967.0,1,-2
300800,,,AMETHYSTS,SEASHELLS,10005.0,1,-2
301400,,,STARFRUIT,SEASHELLS,4965.0,2,-2
301400,,,AMETHYSTS,SEASHELLS,10005.0,2,-2
301500,,,AMETHYSTS,SEASHELLS,10002.0,1,-2
301700,,,STARFRUIT,SEASHELLS,4960.0,1,-2
301800,,,STARFRUIT,SEASHELLS,4961.0,3,-2
301800,,,STARFRUIT,SEASHELLS,4960.0,11,-2
320100,,,AMETHYSTS,SEASHELLS,9998.0,1,-2
320300,,,AMETHYSTS,SEASHELLS,10004.0,1,-2
320300,,,STARFRUIT,SEASHELLS,4969.0,1,-2
320500,,,STARFRUIT,SEASHELLS,4963.0,1,-2
320900,,,AMETHYSTS,SEASHELLS,10005.0,3,-2
321100,,,STARFRUIT,SEASHELLS,4965.0,4,-2
321300,,,STARFRUIT,SEASHELLS,4968.0,2,-2
321300,,,AMETHYSTS,SEASHELLS,10004.0,2,-2
321600,,,STARFRUIT,SEASHELLS,4961.0,1,-2
321800,,,STARFRUIT,SEASHELLS,4960.0,1,-2
321900,,,AMETHYSTS,SEASHELLS,9996.0,1,-2
321900,,,STARFRUIT,SEASHELLS,4960.0,1,-2
340100,,,STARFRUIT,SEASHELLS,4974.0,1,-2
340500,,,STARFRUIT,SEASHELLS,4974.0,1,-2
340700,,,AMETHYSTS,SEASHELLS,9996.0,2,-2
340700,,,AMETHYSTS,SEASHELLS,9996.0,2,-2
340700,,,AMETHYSTS,SEASHELLS,9996.0,8,-2
340900,,,STARFRUIT,SEASHELLS,4970.0,11,-2
341000,,,AMETHYSTS,SEASHELLS,10004.0,2,-2
341200,,,STARFRUIT,SEASHELLS,4971.0,3,-2
341200,,,AMETHYSTS,SEASHELLS,9996.0,1,-2
341200,,,AMETHYSTS,SEASHELLS,9996.0,1,-2
341300,,,STARFRUIT,SEASHELLS,4975.0,1,-2
341300,,,AMETHYSTS,SEASHELLS,10002.0,1,-2
341400,,,AMETHYSTS,SEASHELLS,9998.0,1,-2
341400,,,STARFRUIT,SEASHELLS,4970.0,1,-2
341500,,,STARFRUIT,SEASHELLS,4976.0,1,-2
341900,,,AMETHYSTS,SEASHELLS,9998.0,1,-2
360000,,,AMETHYSTS,SEASHELLS,9998.0,1,-2
360000,,,STARFRUIT,SEASHELLS,4983.0,11,-2
360100,,,STARFRUIT,SEASHELLS,4977.0,1,-2
360400,,,AMETHYSTS,SEASHELLS,10002.0,1,-2
360900,,,AMETHYSTS,SEASHELLS,9998.0,4,-2
361300,,,STARFRUIT,SEASHELLS,4978.0,2,-2
361300,,,AMETHYSTS,SEASHELLS,9996.0,1,-2
361300,,,AMETHYSTS,SEASHELLS,9996.0,1,-2
361700,,,STARFRUIT,SEASHELLS,4983.0,1,-2
361800,,,STARFRUIT,SEASHELLS,4981.0,4,-2
380400,,,STARFRUIT,SEASHELLS,4977.0,1,-2
380700,,,STARFRUIT,SEASHELLS,4983.0,1,-2
381000,,,AMETHYSTS,SEASHELLS,10004.0,2,-2
381100,,,STARFRUIT,SEASHELLS,4977.0,2,-2
381200,,,AMETHYSTS,SEASHELLS,10004.0,1,-2
381200,,,AMETHYSTS,SEASHELLS,10002.0,1,-2
381200,,,STARFRUIT,SEASHELLS,4983.0,2,-2
381200,,,AMETHYSTS,SEASHELLS,10004.0,1,-2
381500,,,STARFRUIT,SEASHELLS,4981.0,1,-2
381700,,,AMETHYSTS,SEASHELLS,10002.0,1,-2
381800,,,STARFRUIT,SEASHELLS,4975.0,1,-2
400100,,,STARFRUIT,SEASHELLS,4977.0,1,-2
400400,,,AMETHYSTS,SEASHELLS,9996.0,1,-2
400400,,,STARFRUIT,SEASHELLS,4971.0,2,-2
400500,,,AMETHYSTS,SEASHELLS,9998.0,1,-2
400600,,,AMETHYSTS,SEASHELLS,10004.0,1,-2
400600,,,STARFRUIT,SEASHELLS,4977.0,2,-2
400600,,,AMETHYSTS,SEASHELLS,10004.0,1,-2
400800,,,STARFRUIT,SEASHELLS,4972.0,1,-2
400800,,,AMETHYSTS,SEASHELLS,10002.0,5,-2
401500,,,AMETHYSTS,SEASHELLS,9998.0,8,-2
401500,,,AMETHYSTS,SEASHELLS,9998.0,3,-2
401600,,,AMETHYSTS,SEASHELLS,9998.0,1,-2
420100,,,STARFRUIT,SEASHELLS,4987.0,1,-2
420100,,,AMETHYSTS,SEASHELLS,10002.0,1,-2
420200,,,AMETHYSTS,SEASHELLS,10005.0,11,-2
420300,,,AMETHYSTS,SEASHELLS,10002.0,4,-2
420500,,,STARFRUIT,SEASHELLS,4986.0,1,-2
420600,,,AMETHYSTS,SEASHELLS,9996.0,1,-2
420600,,,STARFRUIT,SEASHELLS,4982.0,1,-2
421200,,,AMETHYSTS,SEASHELLS,10002.0,1,-2
421300,,,STARFRUIT,SEASHELLS,4982.0,15,-2
421500,,,AMETHYSTS,SEASHELLS,9998.0,1,-2
421600,,,STARFRUIT,SEASHELLS,4988.0,1,-2
421900,,,STARFRUIT,SEASHELLS,4988.0,3,-2
421900,,,AMETHYSTS,SEASHELLS,10002.0,1,-2
440100,,,STARFRUIT,SEASHELLS,4989.0,1,-2
440300,,,AMETHYSTS,SEASHELLS,10004.0,1,-2
440300,,,AMETHYSTS,SEASHELLS,10004.0,4,-2
440300,,,STARFRUIT,SEASHELLS,4989.0,1,-2
440600,,,STARFRUIT,SEASHELLS,4984.0,1,-2
440700,,,AMETHYSTS,SEASHELLS,9996.0,2,-2
440700,,,STARFRUIT,SEASHELLS,4989.0,1,-2
440900,,,STARFRUIT,SEASHELLS,4984.0,1,-2
441200,,,STARFRUIT,SEASHELLS,4983.0,2,-2
441200,,,AMETHYSTS,SEASHELLS,10002.0,1,-2
441200,,,AMETHYSTS,SEASHELLS,10002.0,1,-2
460100,,,AMETHYSTS,SEASHELLS,10002.0,3,-2
460100,,,STARFRUIT,SEASHELLS,4979.0,8,-2
460100,,,STARFRUIT,SEASHELLS,4979.0,4,-2
460200,,,STARFRUIT,SEASHELLS,4974.0,1,-2
460200,,,STARFRUIT,SEASHELLS,4974.0,9,-2
460400,,,STARFRUIT,SEASHELLS,4979.0,2,-2
460400,,,STARFRUIT,SEASHELLS,4979.0,5,-2
461100,,,STARFRUIT,SEASHELLS,4975.0,1,-2
461400,,,AMETHYSTS,SEASHELLS,10002.0,5,-2
461700,,,AMETHYSTS,SEASHELLS,9998.0,2,-2
480000,,,STARFRUIT,SEASHELLS,4987.0,6,-2
480300,,,STARFRUIT,SEASHELLS,4988.0,1,-2
480700,,,STARFRUIT,SEASHELLS,4983.0,1,-2
481300,,,STARFRUIT,SEASHELLS,4983.0,1,-2
481700,,,AMETHYSTS,SEASHELLS,9998.0,1,-2
481800,,,STARFRUIT,SEASHELLS,4982.0,11,-2
500000,,,AMETHYSTS,SEASHELLS,9996.0,1,-2
500200,,,STARFRUIT,SEASHELLS,4993.0,1,-2
500200,,,AMETHYSTS,SEASHELLS,10002.0,5,-2
500300,,,AMETHYSTS,SEASHELLS,10004.0,1,-2
500300,,,STARFRUIT,SEASHELLS,4999.0,1,-2
500700,,,STARFRUIT,SEASHELLS,4993.0,1,-2
500700,,,AMETHYSTS,SEASHELLS,10002.0,9,-2
500800,,,AMETHYSTS,SEASHELLS,10002.0,1,-2
500900,,,STARFRUIT,SEASHELLS,4993.0,2,-2
500900,,,AMETHYSTS,SEASHELLS,9996.0,2,-2
501100,,,AMETHYSTS,SEASHELLS,9998.0,3,-2
501500,,,AMETHYSTS,SEASHELLS,10002.0,2,-2
501600,,,AMETHYSTS,SEASHELLS,10004.0,1,-2
501600,,,STARFRUIT,SEASHELLS,4999.0,1,-2
501700,,,AMETHYSTS,SEASHELLS,9998.0,1,-2
501800,,,AMETHYSTS,SEASHELLS,9998.0,3,-2
501900,,,STARFRUIT,SEASHELLS,4998.0,2,-2
501900,,,AMETHYSTS,SEASHELLS,10002.0,2,-2
520100,,,AMETHYSTS,SEASHELLS,10005.0,5,-2
520100,,,STARFRUIT,SEASHELLS,5006.0,1,-2
520200,,,AMETHYSTS,SEASHELLS,10002.0,3,-2
520200,,,AMETHYSTS,SEASHELLS,10002.0,6,-2
520300,,,STARFRUIT,SEASHELLS,5001.0,9,-2
520500,,,STARFRUIT,SEASHELLS,5001.0,1,-2
520600,,,STARFRUIT,SEASHELLS,5007.0,1,-2
521200,,,STARFRUIT,SEASHELLS,5002.0,1,-2
521200,,,AMETHYSTS,SEASHELLS,9998.0,2,-2
521200,,,STARFRUIT,SEASHELLS,5002.0,1,-2
521500,,,STARFRUIT,SEASHELLS,5007.0,1,-2
521700,,,AMETHYSTS,SEASHELLS,9998.0,1,-2
521800,,,AMETHYSTS,SEASHELLS,9996.0,1,-2
521800,,,AMETHYSTS,SEASHELLS,9996.0,7,-2
540100,,,AMETHYSTS,SEASHELLS,10004.0,1,-2
540300,,,STARFRUIT,SEASHELLS,4999.0,1,-2
540400,,,STARFRUIT,SEASHELLS,4999.0,5,-2
540400,,,STARFRUIT,SEASHELLS,4999.0,1,-2
540500,,,AMETHYSTS,SEASHELLS,10002.0,1,-2
540700,,,AMETHYSTS,SEASHELLS,10004.0,1,-2
540700,,,STARFRUIT,SEASHELLS,5004.0,2,-2
541200,,,STARFRUIT,SEASHELLS,5000.0,1,-2
541200,,,STARFRUIT,SEASHELLS,5000.0,2,-2
541200,,,AMETHYSTS,SEASHELLS,10005.0,1,-2
541700,,,AMETHYSTS,SEASHELLS,9998.0,1,-2
560200,,,AMETHYSTS,SEASHELLS,10002.0,1,-2
560300,,,STARFRUIT,SEASHELLS,5009.0,8,-2
560500,,,STARFRUIT,SEASHELLS,5004.0,3,-2
560600,,,STARFRUIT,SEASHELLS,5003.0,1,-2
560600,,,AMETHYSTS,SEASHELLS,9995.0,1,-2
560900,,,AMETHYSTS,SEASHELLS,10002.0,5,-2
561100,,,STARFRUIT,SEASHELLS,5008.0,1,-2
561200,,,AMETHYSTS,SEASHELLS,10002.0,3,-2
561500,,,STARFRUIT,SEASHELLS,5009.0,1,-2
561700,,,STARFRUIT,SEASHELLS,5008.0,3,-2
561800,,,AMETHYSTS,SEASHELLS,10002.0,1,-2
580700,,,STARFRUIT,SEASHELLS,5011.0,2,-2
580700,,,AMETHYSTS,SEASHELLS,10002.0,1,-2
580900,,,AMETHYSTS,SEASHELLS,10002.0,1,-2
581200,,,AMETHYSTS,SEASHELLS,10004.0,1,-2
581200,,,STARFRUIT,SEASHELLS,5015.0,1,-2
581300,,,AMETHYSTS,SEASHELLS,10004.0,2,-2
581300,,,STARFRUIT,SEASHELLS,5013.0,1,-2
581700,,,STARFRUIT,SEASHELLS,5009.0,1,-2
600000,,,STARFRUIT,SEASHELLS,5020.0,1,-2
600200,,,AMETHYSTS,SEASHELLS,10002.0,1,-2
600200,,,STARFRUIT,SEASHELLS,5021.0,1,-2
600400,,,AMETHYSTS,SEASHELLS,9998.0,1,-2
600400,,,STARFRUIT,SEASHELLS,5021.0,1,-2
600500,,,AMETHYSTS,SEASHELLS,9998.0,8,-2
601500,,,AMETHYSTS,SEASHELLS,10002.0,1,-2
601500,,,STARFRUIT,SEASHELLS,5015.0,1,-2
601500,,,AMETHYSTS,SEASHELLS,10000.0,4,-2
601600,,,AMETHYSTS,SEASHELLS,10004.0,1,-2
601600,,,STARFRUIT,SEASHELLS,5020.0,1,-2
601700,,,AMETHYSTS,SEASHELLS,9998.0,2,-2
601700,,,STARFRUIT,SEASHELLS,5013.0,1,-2
601900,,,STARFRUIT,SEASHELLS,5013.0,1,-2
620500,,,STARFRUIT,SEASHELLS,5017.0,1,-2
621000,,,AMETHYSTS,SEASHELLS,9998.0,1,-2
621300,,,AMETHYSTS,SEASHELLS,9998.0,1,-2
621700,,,STARFRUIT,SEASHELLS,5010.0,8,-2
621900,,,STARFRUIT,SEASHELLS,5016.0,1,-2
640000,,,STARFRUIT,SEASHELLS,5011.0,1,-2
640400,,,AMETHYSTS,SEASHELLS,9998.0,4,-2
640700,,,STARFRUIT,SEASHELLS,5018.0,11,-2
641100,,,AMETHYSTS,SEASHELLS,9998.0,1,-2
641200,,,STARFRUIT,SEASHELLS,5016.0,3,-2
641400,,,STARFRUIT,SEASHELLS,5016.0,1,-2
641700,,,AMETHYSTS,SEASHELLS,9998.0,1,-2
641700,,,AMETHYSTS,SEASHELLS,10002.0,7,-2
641800,,,AMETHYSTS,SEASHELLS,10005.0,7,-2
660200,,,STARFRUIT,SEASHELLS,5011.0,1,-2
660200,,,AMETHYSTS,SEASHELLS,10002.0,4,-2
660500,,,AMETHYSTS,SEASHELLS,10002.0,1,-2
660500,,,STARFRUIT,SEASHELLS,5012.0,1,-2
660600,,,STARFRUIT,SEASHELLS,5019.0,5,-2
660700,,,STARFRUIT,SEASHELLS,5016.0,4,-2
661000,,,STARFRUIT,SEASHELLS,5013.0,1,-2
661100,,,STARFRUIT,SEASHELLS,5013.0,1,-2
661100,,,AMETHYSTS,SEASHELLS,9995.0,2,-2
661100,,,STARFRUIT,SEASHELLS,5017.0,2,-2
661100,,,STARFRUIT,SEASHELLS,5017.0,4,-2
661400,,,AMETHYSTS,SEASHELLS,10002.0,1,-2
661800,,,AMETHYSTS,SEASHELLS,10002.0,1,-2
680000,,,STARFRUIT,SEASHELLS,5029.0,5,-2
680400,,,AMETHYSTS,SEASHELLS,9998.0,1,-2
680500,,,AMETHYSTS,SEASHELLS,10005.0,1,-2
680500,,,STARFRUIT,SEASHELLS,5032.0,1,-2
680600,,,STARFRUIT,SEASHELLS,5024.0,14,-2
680600,,,STARFRUIT,SEASHELLS,5026.0,3,-2
680900,,,STARFRUIT,SEASHELLS,5030.0,1,-2
681600,,,AMETHYSTS,SEASHELLS,9996.0,1,-2
681600,,,AMETHYSTS,SEASHELLS,9996.0,1,-2
681600,,,STARFRUIT,SEASHELLS,5023.0,2,-2
681700,,,AMETHYSTS,SEASHELLS,10002.0,1,-2
700100,,,AMETHYSTS,SEASHELLS,10002.0,6,-2
700300,,,AMETHYSTS,SEASHELLS,10005.0,6,-2
700400,,,AMETHYSTS,SEASHELLS,10002.0,2,-2
700600,,,AMETHYSTS,SEASHELLS,9995.0,1,-2
700600,,,STARFRUIT,SEASHELLS,5020.0,1,-2
700700,,,AMETHYSTS,SEASHELLS,9998.0,1,-2
700700,,,STARFRUIT,SEASHELLS,5026.0,1,-2
700900,,,STARFRUIT,SEASHELLS,5025.0,2,-2
700900,,,AMETHYSTS,SEASHELLS,10004.0,1,-2
701200,,,AMETHYSTS,SEASHELLS,10002.0,1,-2
701300,,,STARFRUIT,SEASHELLS,5026.0,1,-2
701300,,,STARFRUIT,SEASHELLS,5028.0,1,-2
701300,,,AMETHYSTS,SEASHELLS,10004.0,1,-2
701400,,,AMETHYSTS,SEASHELLS,10004.0,1,-2
701400,,,STARFRUIT,SEASHELLS,5027.0,1,-2
701700,,,STARFRUIT,SEASHELLS,5021.0,1,-2
720000,,,AMETHYSTS,SEASHELLS,9998.0,1,-2
720400,,,AMETHYSTS,SEASHELLS,10004.0,1,-2
720600,,,STARFRUIT,SEASHELLS,5037.0,3,-2
720700,,,STARFRUIT,SEASHELLS,5033.0,1,-2
720900,,,AMETHYSTS,SEASHELLS,9998.0,1,-2
721100,,,STARFRUIT,SEASHELLS,5033.0,2,-2
721100,,,AMETHYSTS,SEASHELLS,10002.0,1,-2
721200,,,STARFRUIT,SEASHELLS,5033.0,3,-2
721600,,,STARFRUIT,SEASHELLS,5037.0,1,-2
721600,,,AMETHYSTS,SEASHELLS,10004.0,1,-2
721800,,,STARFRUIT,SEASHELLS,5038.0,13,-2
721900,,,STARFRUIT,SEASHELLS,5032.0,1,-2
740200,,,AMETHYSTS,SEASHELLS,9998.0,1,-2
740800,,,STARFRUIT,SEASHELLS,5033.0,3,-2
741300,,,AMETHYSTS,SEASHELLS,9998.0,1,-2
741300,,,STARFRUIT,SEASHELLS,5035.0,1,-2
741500,,,AMETHYSTS,SEASHELLS,10002.0,5,-2
741500,,,STARFRUIT,SEASHELLS,5034.0,1,-2
741900,,,AMETHYSTS,SEASHELLS,9998.0,1,-2
760200,,,AMETHYSTS,SEASHELLS,9996.0,9,-2
760200,,,AMETHYSTS,SEASHELLS,9996.0,1,-2
760700,,,AMETHYSTS,SEASHELLS,9996.0,1,-2
760700,,,STARFRUIT,SEASHELLS,5031.0,1,-2
760900,,,AMETHYSTS,SEASHELLS,9998.0,1,-2
761000,,,STARFRUIT,SEASHELLS,5037.0,1,-2
761100,,,STARFRUIT,SEASHELLS,5031.0,1,-2
761200,,,STARFRUIT,SEASHELLS,5032.0,4,-2
761400,,,STARFRUIT,SEASHELLS,5031.0,1,-2
761800,,,STARFRUIT,SEASHELLS,5031.0,1,-2
780100,,,AMETHYSTS,SEASHELLS,10002.0,1,-2
780100,,,STARFRUIT,SEASHELLS,5036.0,1,-2
780200,,,STARFRUIT,SEASHELLS,5037.0,9,-2
780500,,,STARFRUIT,SEASHELLS,5042.0,1,-2
780700,,,STARFRUIT,SEASHELLS,5039.0,4,-2
780900,,,STARFRUIT,SEASHELLS,5042.0,4,-2
781000,,,AMETHYSTS,SEASHELLS,9996.0,1,-2
781000,,,STARFRUIT,SEASHELLS,5043.0,6,-2
781000,,,AMETHYSTS,SEASHELLS,9996.0,1,-2
781000,,,STARFRUIT,SEASHELLS,5043.0,2,-2
781000,,,STARFRUIT,SEASHELLS,5043.0,1,-2
781100,,,STARFRUIT,SEASHELLS,5045.0,2,-2
781100,,,AMETHYSTS,SEASHELLS,10004.0,1,-2
781100,,,AMETHYSTS,SEASHELLS,10004.0,1,-2
781200,,,STARFRUIT,SEASHELLS,5039.0,1,-2
781300,,,STARFRUIT,SEASHELLS,5042.0,4,-2
781300,,,AMETHYSTS,SEASHELLS,10002.0,1,-2
781300,,,STARFRUIT,SEASHELLS,5042.0,1,-2
781500,,,STARFRUIT,SEASHELLS,5039.0,1,-2
781600,,,STARFRUIT,SEASHELLS,5039.0,1,-2
800000,,,AMETHYSTS,SEASHELLS,9998.0,1,-2
800700,,,STARFRUIT,SEASHELLS,5046.0,10,-2
800700,,,STARFRUIT,SEASHELLS,5046.0,4,-2
801000,,,AMETHYSTS,SEASHELLS,10005.0,10,-2
801100,,,AMETHYSTS,SEASHELLS,10005.0,1,-2
801100,,,STARFRUIT,SEASHELLS,5052.0,1,-2
801200,,,STARFRUIT,SEASHELLS,5045.0,1,-2
801500,,,AMETHYSTS,SEASHELLS,9998.0,1,-2
820500,,,STARFRUIT,SEASHELLS,5050.0,2,-2
820500,,,AMETHYSTS,SEASHELLS,10004.0,2,-2
820800,,,AMETHYSTS,SEASHELLS,10004.0,1,-2
820800,,,STARFRUIT,SEASHELLS,5049.0,1,-2
820800,,,AMETHYSTS,SEASHELLS,10004.0,1,-2
820800,,,STARFRUIT,SEASHELLS,5049.0,1,-2
821400,,,AMETHYSTS,SEASHELLS,9998.0,1,-2
821600,,,STARFRUIT,SEASHELLS,5041.0,1,-2
821800,,,AMETHYSTS,SEASHELLS,9998.0,1,-2
840100,,,AMETHYSTS,SEASHELLS,10002.0,1,-2
840300,,,AMETHYSTS,SEASHELLS,10002.0,1,-2
840400,,,STARFRUIT,SEASHELLS,5049.0,1,-2
841000,,,AMETHYSTS,SEASHELLS,9998.0,1,-2
841700,,,AMETHYSTS,SEASHELLS,10002.0,1,-2
841800,,,AMETHYSTS,SEASHELLS,9995.0,2,-2
841800,,,STARFRUIT,SEASHELLS,5048.0,1,-2
841900,,,STARFRUIT,SEASHELLS,5048.0,1,-2
841900,,,AMETHYSTS,SEASHELLS,10005.0,1,-2
860200,,,AMETHYSTS,SEASHELLS,9998.0,3,-2
860400,,,AMETHYSTS,SEASHELLS,9998.0,1,-2
860500,,,AMETHYSTS,SEASHELLS,9998.0,1,-2
860500,,,STARFRUIT,SEASHELLS,5046.0,1,-2
860600,,,AMETHYSTS,SEASHELLS,9996.0,1,-2
860600,,,STARFRUIT,SEASHELLS,5046.0,1,-2
860700,,,STARFRUIT,SEASHELLS,5051.0,1,-2
860800,,,AMETHYSTS,SEASHELLS,9998.0,6,-2
860900,,,AMETHYSTS,SEASHELLS,10002.0,1,-2
861500,,,STARFRUIT,SEASHELLS,5052.0,1,-2
861500,,,AMETHYSTS,SEASHELLS,10004.0,1,-2
861600,,,AMETHYSTS,SEASHELLS,10002.0,1,-2
861600,,,AMETHYSTS,SEASHELLS,10002.0,3,-2
861800,,,STARFRUIT,SEASHELLS,5052.0,8,-2
861900,,,AMETHYSTS,SEASHELLS,10002.0,1,-2
861900,,,AMETHYSTS,SEASHELLS,10005.0,12,-2
880100,,,STARFRUIT,SEASHELLS,5052.0,1,-2
880600,,,AMETHYSTS,SEASHELLS,9998.0,1,-2
880600,,,AMETHYSTS,SEASHELLS,9996.0,1,-2
880600,,,AMETHYSTS,SEASHELLS,9996.0,1,-2
880900,,,AMETHYSTS,SEASHELLS,10002.0,6,-2
881000,,,STARFRUIT,SEASHELLS,5055.0,6,-2
881100,,,STARFRUIT,SEASHELLS,5053.0,1,-2
881400,,,STARFRUIT,SEASHELLS,5055.0,1,-2
881600,,,STARFRUIT,SEASHELLS,5055.0,1,-2
900100,,,STARFRUIT,SEASHELLS,5054.0,1,-2
900100,,,AMETHYSTS,SEASHELLS,9996.0,1,-2
900300,,,STARFRUIT,SEASHELLS,5053.0,1,-2
900700,,,STARFRUIT,SEASHELLS,5052.0,1,-2
901600,,,AMETHYSTS,SEASHELLS,9998.0,1,-2
901700,,,AMETHYSTS,SEASHELLS,9996.0,5,-2
901700,,,STARFRUIT,SEASHELLS,5054.0,15,-2
901700,,,AMETHYSTS,SEASHELLS,9996.0,1,-2
901900,,,AMETHYSTS,SEASHELLS,10002.0,1,-2
901900,,,STARFRUIT,SEASHELLS,5059.0,1,-2
920000,,,STARFRUIT,SEASHELLS,5052.0,1,-2
920000,,,AMETHYSTS,SEASHELLS,9995.0,1,-2
920100,,,AMETHYSTS,SEASHELLS,10002.0,4,-2
920500,,,AMETHYSTS,SEASHELLS,10005.0,6,-2
920500,,,AMETHYSTS,SEASHELLS,9998.0,1,-2
920600,,,STARFRUIT,SEASHELLS,5052.0,5,-2
920800,,,STARFRUIT,SEASHELLS,5052.0,6,-2
920800,,,AMETHYSTS,SEASHELLS,10005.0,1,-2
920800,,,STARFRUIT,SEASHELLS,5052.0,1,-2
920900,,,STARFRUIT,SEASHELLS,5053.0,4,-2
921000,,,STARFRUIT,SEASHELLS,5056.0,1,-2
921500,,,STARFRUIT,SEASHELLS,5057.0,12,-2
921800,,,STARFRUIT,SEASHELLS,5056.0,1,-2
940200,,,STARFRUIT,SEASHELLS,5054.0,3,-2
940400,,,AMETHYSTS,SEASHELLS,10004.0,1,-2
940400,,,STARFRUIT,SEASHELLS,5057.0,1,-2
940700,,,AMETHYSTS,SEASHELLS,10005.0,11,-2
940800,,,AMETHYSTS,SEASHELLS,9998.0,1,-2
941000,,,STARFRUIT,SEASHELLS,5055.0,1,-2
941000,,,AMETHYSTS,SEASHELLS,10004.0,1,-2
941200,,,STARFRUIT,SEASHELLS,5055.0,1,-2
941400,,,STARFRUIT,SEASHELLS,5056.0,13,-2
941700,,,AMETHYSTS,SEASHELLS,10005.0,1,-2
941700,,,STARFRUIT,SEASHELLS,5056.0,1,-2
941900,,,STARFRUIT,SEASHELLS,5049.0,1,-2
941900,,,STARFRUIT,SEASHELLS,5055.0,1,-2
941900,,,AMETHYSTS,SEASHELLS,10004.0,1,-2
960000,,,AMETHYSTS,SEASHELLS,9996.0,1,-2
960000,,,AMETHYSTS,SEASHELLS,9996.0,2,-2
960300,,,STARFRUIT,SEASHELLS,5046.0,3,-2
960400,,,STARFRUIT,SEASHELLS,5052.0,1,-2
960700,,,AMETHYSTS,SEASHELLS,10005.0,1,-2
960700,,,STARFRUIT,SEASHELLS,5051.0,1,-2
961000,,,STARFRUIT,SEASHELLS,5052.0,7,-2
961400,,,STARFRUIT,SEASHELLS,5047.0,2,-2
961400,,,AMETHYSTS,SEASHELLS,9996.0,1,-2
961400,,,AMETHYSTS,SEASHELLS,9996.0,1,-2
961600,,,AMETHYSTS,SEASHELLS,10002.0,2,-2
961900,,,AMETHYSTS,SEASHELLS,10002.0,1,-2
980000,,,STARFRUIT,SEASHELLS,5049.0,3,-2
980400,,,AMETHYSTS,SEASHELLS,10002.0,4,-2
980800,,,AMETHYSTS,SEASHELLS,9998.0,5,-2
981600,,,STARFRUIT,SEASHELLS,5047.0,1,-2
981700,,,STARFRUIT,SEASHELLS,5047.0,1,-2
981700,,,AMETHYSTS,SEASHELLS,9995.0,1,-2
981800,,,AMETHYSTS,SEASHELLS,10004.0,10,-2
981800,,,AMETHYSTS,SEASHELLS,10004.0,1,-2
0,,,STARFRUIT,SEASHELLS,5047.0,13,-1
0,,,STARFRUIT,SEASHELLS,5047.0,1,-1
0,,,AMETHYSTS,SEASHELLS,10004.0,1,-1
1100,,,AMETHYSTS,SEASHELLS,9996.0,2,-1
1700,,,AMETHYSTS,SEASHELLS,10002.0,1,-1
1700,,,STARFRUIT,SEASHELLS,5043.0,8,-1
1800,,,AMETHYSTS,SEASHELLS,10002.0,1,-1
1900,,,STARFRUIT,SEASHELLS,5044.0,1,-1
20100,,,AMETHYSTS,SEASHELLS,10002.0,1,-1
20100,,,AMETHYSTS,SEASHELLS,10002.0,4,-1
20200,,,AMETHYSTS,SEASHELLS,9998.0,1,-1
20300,,,STARFRUIT,SEASHELLS,5034.0,1,-1
20500,,,AMETHYSTS,SEASHELLS,9998.0,1,-1
20700,,,AMETHYSTS,SEASHELLS,10002.0,1,-1
21200,,,AMETHYSTS,SEASHELLS,9998.0,1,-1
21300,,,AMETHYSTS,SEASHELLS,9996.0,1,-1
21300,,,AMETHYSTS,SEASHELLS,9996.0,7,-1
21700,,,STARFRUIT,SEASHELLS,5041.0,8,-1
40500,,,STARFRUIT,SEASHELLS,5032.0,1,-1
40900,,,AMETHYSTS,SEASHELLS,10004.0,1,-1
40900,,,AMETHYSTS,SEASHELLS,10004.0,8,-1
40900,,,AMETHYSTS,SEASHELLS,10004.0,2,-1
40900,,,STARFRUIT,SEASHELLS,5033.0,1,-1
41000,,,STARFRUIT,SEASHELLS,5033.0,1,-1
41500,,,STARFRUIT,SEASHELLS,5038.0,5,-1
41700,,,STARFRUIT,SEASHELLS,5032.0,1,-1
41900,,,STARFRUIT,SEASHELLS,5036.0,1,-1
60000,,,AMETHYSTS,SEASHELLS,10005.0,1,-1
60000,,,STARFRUIT,SEASHELLS,5037.0,1,-1
60000,,,AMETHYSTS,SEASHELLS,9998.0,2,-1
60200,,,AMETHYSTS,SEASHELLS,9995.0,8,-1
60200,,,STARFRUIT,SEASHELLS,5034.0,1,-1
60200,,,STARFRUIT,SEASHELLS,5034.0,3,-1
60700,,,STARFRUIT,SEASHELLS,5035.0,1,-1
60800,,,STARFRUIT,SEASHELLS,5030.0,1,-1
61200,,,STARFRUIT,SEASHELLS,5032.0,2,-1
61900,,,AMETHYSTS,SEASHELLS,9998.0,1,-1
61900,,,STARFRUIT,SEASHELLS,5035.0,2,-1
80500,,,STARFRUIT,SEASHELLS,5033.0,6,-1
80600,,,STARFRUIT,SEASHELLS,5034.0,4,-1
80900,,,STARFRUIT,SEASHELLS,5031.0,1,-1
81100,,,STARFRUIT,SEASHELLS,5036.0,1,-1
81400,,,AMETHYSTS,SEASHELLS,10004.0,1,-1
81800,,,AMETHYSTS,SEASHELLS,10002.0,1,-1
81900,,,AMETHYSTS,SEASHELLS,9998.0,1,-1
100000,,,STARFRUIT,SEASHELLS,5044.0,1,-1
100000,,,AMETHYSTS,SEASHELLS,10004.0,1,-1
100200,,,AMETHYSTS,SEASHELLS,9998.0,1,-1
100500,,,AMETHYSTS,SEASHELLS,9995.0,8,-1
100700,,,AMETHYSTS,SEASHELLS,10002.0,1,-1
101200,,,STARFRUIT,SEASHELLS,5040.0,1,-1
101200,,,AMETHYSTS,SEASHELLS,10005.0,2,-1
101200,,,STARFRUIT,SEASHELLS,5046.0,2,-1
101500,,,STARFRUIT,SEASHELLS,5040.0,1,-1
101500,,,AMETHYSTS,SEASHELLS,9998.0,3,-1
101500,,,AMETHYSTS,SEASHELLS,10004.0,2,-1
101500,,,STARFRUIT,SEASHELLS,5046.0,2,-1
101600,,,STARFRUIT,SEASHELLS,5041.0,5,-1
101600,,,STARFRUIT,SEASHELLS,5040.0,1,-1
120000,,,AMETHYSTS,SEASHELLS,10002.0,1,-1
120300,,,AMETHYSTS,SEASHELLS,9996.0,2,-1
120300,,,STARFRUIT,SEASHELLS,5042.0,2,-1
120400,,,STARFRUIT,SEASHELLS,5043.0,2,-1
120500,,,AMETHYSTS,SEASHELLS,10002.0,1,-1
120500,,,STARFRUIT,SEASHELLS,5043.0,1,-1
120500,,,STARFRUIT,SEASHELLS,5043.0,5,-1
120500,,,STARFRUIT,SEASHELLS,5043.0,3,-1
120500,,,STARFRUIT,SEASHELLS,5043.0,4,-1
120600,,,STARFRUIT,SEASHELLS,5041.0,1,-1
121100,,,STARFRUIT,SEASHELLS,5042.0,1,-1
121500,,,AMETHYSTS,SEASHELLS,10002.0,1,-1
121500,,,STARFRUIT,SEASHELLS,5047.0,1,-1
121800,,,AMETHYSTS,SEASHELLS,10002.0,1,-1
121900,,,STARFRUIT,SEASHELLS,5045.0,1,-1
140100,,,STARFRUIT,SEASHELLS,5039.0,1,-1
141600,,,AMETHYSTS,SEASHELLS,10002.0,1,-1
160000,,,STARFRUIT,SEASHELLS,5037.0,2,-1
160000,,,AMETHYSTS,SEASHELLS,10004.0,2,-1
160300,,,AMETHYSTS,SEASHELLS,9998.0,1,-1
160400,,,STARFRUIT,SEASHELLS,5034.0,1,-1
160400,,,AMETHYSTS,SEASHELLS,9998.0,1,-1
160500,,,STARFRUIT,SEASHELLS,5036.0,13,-1
160600,,,AMETHYSTS,SEASHELLS,10002.0,1,-1
161000,,,STARFRUIT,SEASHELLS,5030.0,8,-1
161600,,,AMETHYSTS,SEASHELLS,9998.0,1,-1
180000,,,STARFRUIT,SEASHELLS,5044.0,10,-1
180000,,,STARFRUIT,SEASHELLS,5044.0,1,-1
180100,,,AMETHYSTS,SEASHELLS,9998.0,3,-1
180300,,,AMETHYSTS,SEASHELLS,9998.0,4,-1
180500,,,AMETHYSTS,SEASHELLS,10002.0,3,-1
180500,,,STARFRUIT,SEASHELLS,5044.0,6,-1
180800,,,AMETHYSTS,SEASHELLS,10002.0,1,-1
180900,,,STARFRUIT,SEASHELLS,5045.0,11,-1
180900,,,AMETHYSTS,SEASHELLS,9998.0,1,-1
181000,,,STARFRUIT,SEASHELLS,5044.0,1,-1
181400,,,AMETHYSTS,SEASHELLS,10002.0,1,-1
181400,,,STARFRUIT,SEASHELLS,5046.0,2,-1
181500,,,STARFRUIT,SEASHELLS,5039.0,2,-1
181500,,,STARFRUIT,SEASHELLS,5039.0,1,-1
181500,,,AMETHYSTS,SEASHELLS,9998.0,2,-1
181600,,,STARFRUIT,SEASHELLS,5040.0,2,-1
181700,,,STARFRUIT,SEASHELLS,5045.0,14,-1
181800,,,STARFRUIT,SEASHELLS,5038.0,1,-1
181900,,,AMETHYSTS,SEASHELLS,10002.0,1,-1
200000,,,STARFRUIT,SEASHELLS,5037.0,1,-1
200200,,,AMETHYSTS,SEASHELLS,10004.0,1,-1
200300,,,STARFRUIT,SEASHELLS,5034.0,5,-1
201200,,,AMETHYSTS,SEASHELLS,10005.0,8,-1
201200,,,AMETHYSTS,SEASHELLS,10004.0,1,-1
201500,,,STARFRUIT,SEASHELLS,5032.0,1,-1
201500,,,STARFRUIT,SEASHELLS,5031.0,10,-1
201600,,,STARFRUIT,SEASHELLS,5031.0,10,-1
201800,,,STARFRUIT,SEASHELLS,5037.0,1,-1
220000,,,STARFRUIT,SEASHELLS,5031.0,1,-1
220200,,,STARFRUIT,SEASHELLS,5033.0,1,-1
220200,,,AMETHYSTS,SEASHELLS,10004.0,1,-1
220300,,,STARFRUIT,SEASHELLS,5034.0,8,-1
220300,,,STARFRUIT,SEASHELLS,5027.0,2,-1
220300,,,AMETHYSTS,SEASHELLS,9995.0,2,-1
220500,,,STARFRUIT,SEASHELLS,5026.0,1,-1
220800,,,STARFRUIT,SEASHELLS,5028.0,5,-1
220800,,,STARFRUIT,SEASHELLS,5025.0,1,-1
221000,,,STARFRUIT,SEASHELLS,5025.0,1,-1
221100,,,AMETHYSTS,SEASHELLS,10002.0,1,-1
221500,,,AMETHYSTS,SEASHELLS,10002.0,5,-1
221600,,,STARFRUIT,SEASHELLS,5028.0,5,-1
221600,,,STARFRUIT,SEASHELLS,5025.0,1,-1
221800,,,AMETHYSTS,SEASHELLS,9998.0,1,-1
240000,,,STARFRUIT,SEASHELLS,5029.0,2,-1
240000,,,AMETHYSTS,SEASHELLS,10005.0,2,-1
240000,,,AMETHYSTS,SEASHELLS,10004.0,2,-1
240200,,,STARFRUIT,SEASHELLS,5023.0,1,-1
240400,,,AMETHYSTS,SEASHELLS,9998.0,1,-1
240700,,,AMETHYSTS,SEASHELLS,10002.0,1,-1
241000,,,STARFRUIT,SEASHELLS,5028.0,1,-1
241000,,,AMETHYSTS,SEASHELLS,9998.0,4,-1
241300,,,STARFRUIT,SEASHELLS,5024.0,1,-1
241500,,,STARFRUIT,SEASHELLS,5029.0,1,-1
241600,,,AMETHYSTS,SEASHELLS,10004.0,1,-1
241600,,,STARFRUIT,SEASHELLS,5029.0,1,-1
241700,,,STARFRUIT,SEASHELLS,5024.0,1,-1
241700,,,AMETHYSTS,SEASHELLS,10004.0,5,-1
241700,,,AMETHYSTS,SEASHELLS,10004.0,1,-1
260000,,,STARFRUIT,SEASHELLS,5021.0,1,-1
260200,,,STARFRUIT,SEASHELLS,5021.0,1,-1
260200,,,STARFRUIT,SEASHELLS,5021.0,1,-1
260400,,,STARFRUIT,SEASHELLS,5021.0,1,-1
260700,,,AMETHYSTS,SEASHELLS,9998.0,1,-1
261000,,,AMETHYSTS,SEASHELLS,10002.0,1,-1
261100,,,STARFRUIT,SEASHELLS,5021.0,1,-1
261100,,,AMETHYSTS,SEASHELLS,9996.0,1,-1
261500,,,STARFRUIT,SEASHELLS,5027.0,1,-1
261500,,,AMETHYSTS,SEASHELLS,10004.0,1,-1
261500,,,STARFRUIT,SEASHELLS,5025.0,10,-1
261600,,,STARFRUIT,SEASHELLS,5026.0,1,-1
261700,,,AMETHYSTS,SEASHELLS,10004.0,1,-1
280100,,,AMETHYSTS,SEASHELLS,9995.0,2,-1
280100,,,STARFRUIT,SEASHELLS,5026.0,2,-1
280300,,,STARFRUIT,SEASHELLS,5027.0,1,-1
280500,,,AMETHYSTS,SEASHELLS,9998.0,1,-1
280500,,,STARFRUIT,SEASHELLS,5032.0,1,-1
280700,,,AMETHYSTS,SEASHELLS,9998.0,1,-1
281500,,,AMETHYSTS,SEASHELLS,10002.0,1,-1
281500,,,AMETHYSTS,SEASHELLS,10002.0,7,-1
281900,,,AMETHYSTS,SEASHELLS,10005.0,1,-1
281900,,,STARFRUIT,SEASHELLS,5032.0,1,-1
300300,,,STARFRUIT,SEASHELLS,5033.0,3,-1
300900,,,STARFRUIT,SEASHELLS,5033.0,1,-1
301000,,,AMETHYSTS,SEASHELLS,9996.0,2,-1
301000,,,STARFRUIT,SEASHELLS,5033.0,2,-1
301000,,,AMETHYSTS,SEASHELLS,9995.0,2,-1
301100,,,STARFRUIT,SEASHELLS,5037.0,4,-1
301100,,,STARFRUIT,SEASHELLS,5038.0,1,-1
301300,,,STARFRUIT,SEASHELLS,5039.0,13,-1
301500,,,AMETHYSTS,SEASHELLS,9998.0,3,-1
301500,,,STARFRUIT,SEASHELLS,5033.0,1,-1
301500,,,AMETHYSTS,SEASHELLS,9998.0,5,-1
301600,,,STARFRUIT,SEASHELLS,5033.0,1,-1
301600,,,AMETHYSTS,SEASHELLS,10002.0,1,-1
320100,,,STARFRUIT,SEASHELLS,5040.0,1,-1
320200,,,AMETHYSTS,SEASHELLS,9998.0,1,-1
320300,,,AMETHYSTS,SEASHELLS,9998.0,1,-1
320700,,,STARFRUIT,SEASHELLS,5042.0,1,-1
320800,,,STARFRUIT,SEASHELLS,5046.0,2,-1
320800,,,STARFRUIT,SEASHELLS,5046.0,3,-1
321800,,,AMETHYSTS,SEASHELLS,10002.0,1,-1
341100,,,STARFRUIT,SEASHELLS,5045.0,1,-1
341100,,,AMETHYSTS,SEASHELLS,10002.0,1,-1
341200,,,AMETHYSTS,SEASHELLS,9995.0,11,-1
341300,,,AMETHYSTS,SEASHELLS,10002.0,1,-1
341300,,,STARFRUIT,SEASHELLS,5044.0,14,-1
341500,,,STARFRUIT,SEASHELLS,5051.0,6,-1
341500,,,AMETHYSTS,SEASHELLS,9998.0,1,-1
341700,,,STARFRUIT,SEASHELLS,5048.0,1,-1
341700,,,AMETHYSTS,SEASHELLS,9996.0,1,-1
341800,,,AMETHYSTS,SEASHELLS,9998.0,5,-1
341800,,,AMETHYSTS,SEASHELLS,9998.0,1,-1
360300,,,STARFRUIT,SEASHELLS,5044.0,1,-1
360300,,,AMETHYSTS,SEASHELLS,9996.0,1,-1
360400,,,AMETHYSTS,SEASHELLS,10005.0,2,-1
360400,,,STARFRUIT,SEASHELLS,5051.0,2,-1
360900,,,AMETHYSTS,SEASHELLS,10002.0,1,-1
360900,,,STARFRUIT,SEASHELLS,5045.0,2,-1
361400,,,STARFRUIT,SEASHELLS,5050.0,1,-1
361400,,,AMETHYSTS,SEASHELLS,10002.0,1,-1
361500,,,AMETHYSTS,SEASHELLS,10002.0,3,-1
361600,,,AMETHYSTS,SEASHELLS,9998.0,1,-1
380000,,,STARFRUIT,SEASHELLS,5043.0,1,-1
380300,,,STARFRUIT,SEASHELLS,5042.0,15,-1
380600,,,STARFRUIT,SEASHELLS,5043.0,2,-1
381000,,,STARFRUIT,SEASHELLS,5048.0,1,-1
381000,,,AMETHYSTS,SEASHELLS,10002.0,1,-1
381300,,,AMETHYSTS,SEASHELLS,9998.0,5,-1
381700,,,AMETHYSTS,SEASHELLS,9998.0,1,-1
381900,,,STARFRUIT,SEASHELLS,5040.0,1,-1
400500,,,STARFRUIT,SEASHELLS,5053.0,1,-1
401300,,,AMETHYSTS,SEASHELLS,9996.0,2,-1
401300,,,STARFRUIT,SEASHELLS,5053.0,2,-1
420500,,,AMETHYSTS,SEASHELLS,9998.0,1,-1
420700,,,STARFRUIT,SEASHELLS,5056.0,1,-1
420800,,,AMETHYSTS,SEASHELLS,10004.0,1,-1
420800,,,STARFRUIT,SEASHELLS,5051.0,1,-1
420800,,,AMETHYSTS,SEASHELLS,10004.0,2,-1
420900,,,STARFRUIT,SEASHELLS,5055.0,1,-1
421000,,,STARFRUIT,SEASHELLS,5055.0,1,-1
421200,,,STARFRUIT,SEASHELLS,5051.0,1,-1
421200,,,AMETHYSTS,SEASHELLS,9998.0,1,-1
421300,,,AMETHYSTS,SEASHELLS,9998.0,5,-1
421300,,,STARFRUIT,SEASHELLS,5056.0,1,-1
421300,,,STARFRUIT,SEASHELLS,5056.0,4,-1
440000,,,AMETHYSTS,SEASHELLS,9998.0,1,-1
440100,,,AMETHYSTS,SEASHELLS,9996.0,11,-1
440100,,,AMETHYSTS,SEASHELLS,9996.0,1,-1
440200,,,STARFRUIT,SEASHELLS,5047.0,1,-1
440400,,,STARFRUIT,SEASHELLS,5051.0,1,-1
441700,,,STARFRUIT,SEASHELLS,5046.0,3,-1
460300,,,STARFRUIT,SEASHELLS,5065.0,4,-1
460300,,,STARFRUIT,SEASHELLS,5065.0,6,-1
460400,,,STARFRUIT,SEASHELLS,5061.0,1,-1
460400,,,STARFRUIT,SEASHELLS,5061.0,8,-1
460600,,,STARFRUIT,SEASHELLS,5066.0,1,-1
461000,,,STARFRUIT,SEASHELLS,5060.0,1,-1
461000,,,STARFRUIT,SEASHELLS,5060.0,6,-1
461200,,,AMETHYSTS,SEASHELLS,10002.0,4,-1
461600,,,AMETHYSTS,SEASHELLS,9998.0,1,-1
461700,,,AMETHYSTS,SEASHELLS,9998.0,1,-1
461800,,,AMETHYSTS,SEASHELLS,10004.0,1,-1
480000,,,STARFRUIT,SEASHELLS,5066.0,9,-1
480000,,,STARFRUIT,SEASHELLS,5066.0,1,-1
480200,,,AMETHYSTS,SEASHELLS,9998.0,1,-1
480900,,,STARFRUIT,SEASHELLS,5075.0,1,-1
480900,,,AMETHYSTS,SEASHELLS,10004.0,1,-1
481000,,,AMETHYSTS,SEASHELLS,10000.0,6,-1
481000,,,STARFRUIT,SEASHELLS,5071.0,6,-1
481600,,,STARFRUIT,SEASHELLS,5074.0,1,-1
481800,,,STARFRUIT,SEASHELLS,5069.0,1,-1
500300,,,AMETHYSTS,SEASHELLS,9998.0,1,-1
500300,,,STARFRUIT,SEASHELLS,5076.0,1,-1
500800,,,AMETHYSTS,SEASHELLS,10002.0,1,-1
501000,,,STARFRUIT,SEASHELLS,5074.0,1,-1
501700,,,AMETHYSTS,SEASHELLS,10004.0,2,-1
501900,,,STARFRUIT,SEASHELLS,5069.0,1,-1
520100,,,STARFRUIT,SEASHELLS,5065.0,1,-1
520400,,,STARFRUIT,SEASHELLS,5065.0,5,-1
520500,,,AMETHYSTS,SEASHELLS,10002.0,1,-1
521000,,,STARFRUIT,SEASHELLS,5071.0,11,-1
521300,,,STARFRUIT,SEASHELLS,5066.0,1,-1
540000,,,AMETHYSTS,SEASHELLS,9996.0,3,-1
540000,,,AMETHYSTS,SEASHELLS,9996.0,1,-1
540100,,,STARFRUIT,SEASHELLS,5061.0,1,-1
540300,,,AMETHYSTS,SEASHELLS,10004.0,1,-1
540300,,,STARFRUIT,SEASHELLS,5065.0,2,-1
540500,,,STARFRUIT,SEASHELLS,5061.0,1,-1
540500,,,AMETHYSTS,SEASHELLS,10002.0,1,-1
540600,,,AMETHYSTS,SEASHELLS,10002.0,1,-1
540700,,,AMETHYSTS,SEASHELLS,10002.0,1,-1
540700,,,STARFRUIT,SEASHELLS,5065.0,1,-1
540700,,,STARFRUIT,SEASHELLS,5066.0,1,-1
541100,,,STARFRUIT,SEASHELLS,5060.0,1,-1
541400,,,STARFRUIT,SEASHELLS,5060.0,2,-1
541400,,,STARFRUIT,SEASHELLS,5060.0,1,-1
541400,,,STARFRUIT,SEASHELLS,5060.0,3,-1
541800,,,AMETHYSTS,SEASHELLS,9998.0,2,-1
560000,,,STARFRUIT,SEASHELLS,5067.0,8,-1
560000,,,STARFRUIT,SEASHELLS,5067.0,6,-1
560300,,,AMETHYSTS,SEASHELLS,9996.0,2,-1
560300,,,STARFRUIT,SEASHELLS,5063.0,2,-1
560600,,,STARFRUIT,SEASHELLS,5062.0,1,-1
560800,,,AMETHYSTS,SEASHELLS,10002.0,3,-1
561400,,,AMETHYSTS,SEASHELLS,9995.0,12,-1
561600,,,STARFRUIT,SEASHELLS,5064.0,1,-1
580000,,,AMETHYSTS,SEASHELLS,10002.0,1,-1
580200,,,STARFRUIT,SEASHELLS,5064.0,1,-1
580500,,,AMETHYSTS,SEASHELLS,9995.0,1,-1
580500,,,STARFRUIT,SEASHELLS,5065.0,1,-1
580600,,,STARFRUIT,SEASHELLS,5070.0,1,-1
580900,,,STARFRUIT,SEASHELLS,5065.0,1,-1
581600,,,STARFRUIT,SEASHELLS,5070.0,1,-1
581800,,,STARFRUIT,SEASHELLS,5070.0,3,-1
581800,,,STARFRUIT,SEASHELLS,5070.0,10,-1
600100,,,AMETHYSTS,SEASHELLS,10002.0,1,-1
600100,,,STARFRUIT,SEASHELLS,5067.0,1,-1
600300,,,AMETHYSTS,SEASHELLS,10004.0,1,-1
600300,,,STARFRUIT,SEASHELLS,5073.0,1,-1
600500,,,STARFRUIT,SEASHELLS,5067.0,1,-1
601200,,,AMETHYSTS,SEASHELLS,9998.0,1,-1
601400,,,STARFRUIT,SEASHELLS,5073.0,1,-1
601800,,,STARFRUIT,SEASHELLS,5067.0,1,-1
601800,,,AMETHYSTS,SEASHELLS,9996.0,1,-1
620000,,,STARFRUIT,SEASHELLS,5068.0,1,-1
620000,,,STARFRUIT,SEASHELLS,5068.0,3,-1
620700,,,STARFRUIT,SEASHELLS,5067.0,7,-1
620700,,,STARFRUIT,SEASHELLS,5067.0,3,-1
620800,,,AMETHYSTS,SEASHELLS,10002.0,1,-1
620900,,,AMETHYSTS,SEASHELLS,9998.0,3,-1
621000,,,STARFRUIT,SEASHELLS,5067.0,4,-1
621200,,,AMETHYSTS,SEASHELLS,9998.0,2,-1
621500,,,AMETHYSTS,SEASHELLS,10005.0,11,-1
621800,,,STARFRUIT,SEASHELLS,5068.0,8,-1
640000,,,AMETHYSTS,SEASHELLS,10004.0,2,-1
640000,,,AMETHYSTS,SEASHELLS,10004.0,8,-1
640100,,,STARFRUIT,SEASHELLS,5080.0,6,-1
640100,,,STARFRUIT,SEASHELLS,5079.0,9,-1
641100,,,STARFRUIT,SEASHELLS,5080.0,2,-1
641100,,,STARFRUIT,SEASHELLS,5080.0,3,-1
641300,,,AMETHYSTS,SEASHELLS,9998.0,1,-1
641300,,,STARFRUIT,SEASHELLS,5085.0,1,-1
641400,,,STARFRUIT,SEASHELLS,5079.0,4,-1
641500,,,STARFRUIT,SEASHELLS,5078.0,1,-1
641700,,,AMETHYSTS,SEASHELLS,9998.0,1,-1
641700,,,STARFRUIT,SEASHELLS,5085.0,12,-1
641700,,,STARFRUIT,SEASHELLS,5078.0,1,-1
660200,,,STARFRUIT,SEASHELLS,5067.0,5,-1
660600,,,STARFRUIT,SEASHELLS,5064.0,1,-1
660900,,,STARFRUIT,SEASHELLS,5064.0,2,-1
660900,,,AMETHYSTS,SEASHELLS,9996.0,1,-1
661700,,,AMETHYSTS,SEASHELLS,9998.0,1,-1
661900,,,STARFRUIT,SEASHELLS,5068.0,1,-1
680000,,,AMETHYSTS,SEASHELLS,10002.0,1,-1
680200,,,STARFRUIT,SEASHELLS,5057.0,1,-1
680300,,,AMETHYSTS,SEASHELLS,9998.0,1,-1
680600,,,STARFRUIT,SEASHELLS,5063.0,1,-1
680800,,,STARFRUIT,SEASHELLS,5063.0,1,-1
680900,,,STARFRUIT,SEASHELLS,5063.0,1,-1
680900,,,AMETHYSTS,SEASHELLS,10004.0,8,-1
680900,,,AMETHYSTS,SEASHELLS,10004.0,2,-1
681200,,,AMETHYSTS,SEASHELLS,10000.0,2,-1
681200,,,STARFRUIT,SEASHELLS,5062.0,2,-1
681200,,,STARFRUIT,SEASHELLS,5062.0,2,-1
681300,,,STARFRUIT,SEASHELLS,5059.0,1,-1
681500,,,STARFRUIT,SEASHELLS,5065.0,13,-1
681500,,,STARFRUIT,SEASHELLS,5065.0,1,-1
700000,,,STARFRUIT,SEASHELLS,5062.0,1,-1
700300,,,AMETHYSTS,SEASHELLS,9996.0,1,-1
700300,,,AMETHYSTS,SEASHELLS,9996.0,1,-1
700300,,,STARFRUIT,SEASHELLS,5063.0,2,-1
700900,,,STARFRUIT,SEASHELLS,5059.0,1,-1
701000,,,STARFRUIT,SEASHELLS,5064.0,1,-1
701100,,,STARFRUIT,SEASHELLS,5066.0,7,-1
701400,,,STARFRUIT,SEASHELLS,5060.0,1,-1
701700,,,STARFRUIT,SEASHELLS,5065.0,6,-1
701700,,,STARFRUIT,SEASHELLS,5065.0,4,-1
720200,,,AMETHYSTS,SEASHELLS,10002.0,1,-1
720300,,,STARFRUIT,SEASHELLS,5056.0,1,-1
720500,,,AMETHYSTS,SEASHELLS,9998.0,1,-1
720600,,,AMETHYSTS,SEASHELLS,10004.0,1,-1
720600,,,STARFRUIT,SEASHELLS,5060.0,1,-1
720700,,,AMETHYSTS,SEASHELLS,9998.0,1,-1
721500,,,STARFRUIT,SEASHELLS,5061.0,1,-1
721500,,,AMETHYSTS,SEASHELLS,10004.0,1,-1
740100,,,AMETHYSTS,SEASHELLS,9998.0,5,-1
740500,,,STARFRUIT,SEASHELLS,5050.0,1,-1
740600,,,AMETHYSTS,SEASHELLS,10004.0,1,-1
740600,,,STARFRUIT,SEASHELLS,5050.0,1,-1
740800,,,STARFRUIT,SEASHELLS,5043.0,1,-1
741000,,,STARFRUIT,SEASHELLS,5048.0,1,-1
741100,,,AMETHYSTS,SEASHELLS,10004.0,6,-1
741100,,,STARFRUIT,SEASHELLS,5047.0,1,-1
741100,,,AMETHYSTS,SEASHELLS,10004.0,1,-1
741300,,,AMETHYSTS,SEASHELLS,9998.0,1,-1
741300,,,STARFRUIT,SEASHELLS,5042.0,1,-1
741600,,,STARFRUIT,SEASHELLS,5042.0,1,-1
741600,,,AMETHYSTS,SEASHELLS,9996.0,1,-1
760300,,,STARFRUIT,SEASHELLS,5053.0,2,-1
760800,,,AMETHYSTS,SEASHELLS,9998.0,1,-1
760900,,,AMETHYSTS,SEASHELLS,10002.0,1,-1
761100,,,AMETHYSTS,SEASHELLS,10002.0,1,-1
761200,,,AMETHYSTS,SEASHELLS,9996.0,2,-1
761200,,,STARFRUIT,SEASHELLS,5058.0,2,-1
761200,,,STARFRUIT,SEASHELLS,5058.0,2,-1
761300,,,STARFRUIT,SEASHELLS,5055.0,4,-1
761500,,,STARFRUIT,SEASHELLS,5054.0,1,-1
761900,,,AMETHYSTS,SEASHELLS,9998.0,1,-1
761900,,,STARFRUIT,SEASHELLS,5059.0,1,-1
780000,,,STARFRUIT,SEASHELLS,5053.0,3,-1
780400,,,AMETHYSTS,SEASHELLS,9998.0,1,-1
780500,,,AMETHYSTS,SEASHELLS,10002.0,1,-1
780800,,,STARFRUIT,SEASHELLS,5051.0,1,-1
780800,,,AMETHYSTS,SEASHELLS,9998.0,1,-1
781000,,,STARFRUIT,SEASHELLS,5055.0,1,-1
781100,,,AMETHYSTS,SEASHELLS,10002.0,1,-1
781100,,,STARFRUIT,SEASHELLS,5051.0,1,-1
781200,,,AMETHYSTS,SEASHELLS,9998.0,2,-1
781300,,,STARFRUIT,SEASHELLS,5052.0,5,-1
781500,,,AMETHYSTS,SEASHELLS,10004.0,1,-1
781500,,,STARFRUIT,SEASHELLS,5058.0,1,-1
781800,,,AMETHYSTS,SEASHELLS,9998.0,1,-1
800000,,,STARFRUIT,SEASHELLS,5051.0,1,-1
800600,,,STARFRUIT,SEASHELLS,5057.0,1,-1
800800,,,STARFRUIT,SEASHELLS,5056.0,1,-1
801200,,,STARFRUIT,SEASHELLS,5050.0,1,-1
801300,,,STARFRUIT,SEASHELLS,5056.0,1,-1
801400,,,STARFRUIT,SEASHELLS,5056.0,1,-1
820100,,,AMETHYSTS,SEASHELLS,10004.0,1,-1
820100,,,STARFRUIT,SEASHELLS,5058.0,1,-1
820300,,,AMETHYSTS,SEASHELLS,10004.0,1,-1
820300,,,STARFRUIT,SEASHELLS,5059.0,1,-1
820800,,,AMETHYSTS,SEASHELLS,10002.0,1,-1
821100,,,STARFRUIT,SEASHELLS,5057.0,1,-1
821100,,,STARFRUIT,SEASHELLS,5057.0,4,-1
821300,,,STARFRUIT,SEASHELLS,5058.0,1,-1
821500,,,AMETHYSTS,SEASHELLS,10002.0,1,-1
821600,,,AMETHYSTS,SEASHELLS,9996.0,2,-1
821800,,,AMETHYSTS,SEASHELLS,10002.0,3,-1
840100,,,AMETHYSTS,SEASHELLS,9995.0,12,-1
840200,,,STARFRUIT,SEASHELLS,5059.0,1,-1
840500,,,STARFRUIT,SEASHELLS,5057.0,2,-1
840500,,,STARFRUIT,SEASHELLS,5060.0,1,-1
840600,,,AMETHYSTS,SEASHELLS,9995.0,6,-1
840900,,,STARFRUIT,SEASHELLS,5053.0,15,-1
841000,,,STARFRUIT,SEASHELLS,5059.0,1,-1
841000,,,AMETHYSTS,SEASHELLS,10004.0,1,-1
841200,,,STARFRUIT,SEASHELLS,5053.0,12,-1
841200,,,AMETHYSTS,SEASHELLS,9998.0,4,-1
841200,,,AMETHYSTS,SEASHELLS,9998.0,4,-1
841300,,,AMETHYSTS,SEASHELLS,9998.0,1,-1
841300,,,STARFRUIT,SEASHELLS,5059.0,1,-1
841700,,,STARFRUIT,SEASHELLS,5058.0,3,-1
860100,,,STARFRUIT,SEASHELLS,5054.0,2,-1
860100,,,AMETHYSTS,SEASHELLS,10004.0,1,-1
860400,,,AMETHYSTS,SEASHELLS,9998.0,4,-1
860400,,,STARFRUIT,SEASHELLS,5052.0,3,-1
860500,,,STARFRUIT,SEASHELLS,5047.0,14,-1
860700,,,STARFRUIT,SEASHELLS,5048.0,11,-1
860700,,,STARFRUIT,SEASHELLS,5048.0,1,-1
860700,,,STARFRUIT,SEASHELLS,5048.0,1,-1
880500,,,AMETHYSTS,SEASHELLS,9996.0,4,-1
880500,,,AMETHYSTS,SEASHELLS,9996.0,2,-1
880600,,,STARFRUIT,SEASHELLS,5042.0,1,-1
880700,,,AMETHYSTS,SEASHELLS,9998.0,1,-1
880700,,,AMETHYSTS,SEASHELLS,9998.0,3,-1
881200,,,AMETHYSTS,SEASHELLS,10002.0,1,-1
881700,,,STARFRUIT,SEASHELLS,5041.0,8,-1
881700,,,AMETHYSTS,SEASHELLS,10002.0,1,-1
881700,,,STARFRUIT,SEASHELLS,5041.0,2,-1
900200,,,STARFRUIT,SEASHELLS,5035.0,1,-1
900300,,,STARFRUIT,SEASHELLS,5035.0,1,-1
900800,,,STARFRUIT,SEASHELLS,5041.0,10,-1
901100,,,AMETHYSTS,SEASHELLS,9996.0,2,-1
901100,,,AMETHYSTS,SEASHELLS,9996.0,2,-1
901300,,,AMETHYSTS,SEASHELLS,10005.0,9,-1
901300,,,STARFRUIT,SEASHELLS,5040.0,1,-1
901800,,,STARFRUIT,SEASHELLS,5035.0,1,-1
901900,,,STARFRUIT,SEASHELLS,5035.0,2,-1
901900,,,AMETHYSTS,SEASHELLS,9996.0,2,-1
920600,,,STARFRUIT,SEASHELLS,5042.0,1,-1
920900,,,STARFRUIT,SEASHELLS,5037.0,1,-1
920900,,,AMETHYSTS,SEASHELLS,9996.0,1,-1
921400,,,AMETHYSTS,SEASHELLS,10005.0,2,-1
921400,,,STARFRUIT,SEASHELLS,5044.0,2,-1
921500,,,STARFRUIT,SEASHELLS,5042.0,2,-1
940100,,,STARFRUIT,SEASHELLS,5048.0,1,-1
940100,,,AMETHYSTS,SEASHELLS,10002.0,1,-1
940100,,,STARFRUIT,SEASHELLS,5047.0,3,-1
940300,,,AMETHYSTS,SEASHELLS,10002.0,1,-1
940800,,,AMETHYSTS,SEASHELLS,9996.0,10,-1
940800,,,STARFRUIT,SEASHELLS,5045.0,3,-1
940800,,,AMETHYSTS,SEASHELLS,9996.0,2,-1
941200,,,STARFRUIT,SEASHELLS,5047.0,2,-1
941200,,,STARFRUIT,SEASHELLS,5047.0,1,-1
941500,,,STARFRUIT,SEASHELLS,5050.0,14,-1
941500,,,AMETHYSTS,SEASHELLS,10002.0,1,-1
941600,,,AMETHYSTS,SEASHELLS,9996.0,1,-1
941600,,,STARFRUIT,SEASHELLS,5048.0,1,-1
941700,,,AMETHYSTS,SEASHELLS,9998.0,1,-1
941900,,,AMETHYSTS,SEASHELLS,10002.0,1,-1
960100,,,AMETHYSTS,SEASHELLS,9998.0,1,-1
960300,,,STARFRUIT,SEASHELLS,5051.0,1,-1
960500,,,STARFRUIT,SEASHELLS,5052.0,2,-1
960500,,,AMETHYSTS,SEASHELLS,10004.0,1,-1
960500,,,AMETHYSTS,SEASHELLS,10004.0,1,-1
960500,,,AMETHYSTS,SEASHELLS,9998.0,1,-1
960700,,,AMETHYSTS,SEASHELLS,9998.0,1,-1
960900,,,STARFRUIT,SEASHELLS,5051.0,9,-1
960900,,,STARFRUIT,SEASHELLS,5052.0,1,-1
961000,,,STARFRUIT,SEASHELLS,5053.0,2,-1
961500,,,STARFRUIT,SEASHELLS,5047.0,1,-1
961600,,,AMETHYSTS,SEASHELLS,9998.0,1,-1
961700,,,STARFRUIT,SEASHELLS,5047.0,2,-1
961700,,,AMETHYSTS,SEASHELLS,10002.0,1,-1
961900,,,STARFRUIT,SEASHELLS,5053.0,1,-1
980300,,,STARFRUIT,SEASHELLS,5049.0,4,-1
981000,,,STARFRUIT,SEASHELLS,5051.0,2,-1
981000,,,STARFRUIT,SEASHELLS,5051.0,6,-1
981700,,,STARFRUIT,SEASHELLS,5051.0,8,-1
981700,,,STARFRUIT,SEASHELLS,5046.0,1,-1
981900,,,AMETHYSTS,SEASHELLS,10004.0,1,-1
981900,,,STARFRUIT,SEASHELLS,5053.0,1,-1
100,,,STARFRUIT,SEASHELLS,5041.0,4,0
100,,,AMETHYSTS,SEASHELLS,10002.0,1,0
300,,,AMETHYSTS,SEASHELLS,9998.0,2,0
300,,,AMETHYSTS,SEASHELLS,9998.0,1,0
300,,,STARFRUIT,SEASHELLS,5037.0,6,0
500,,,STARFRUIT,SEASHELLS,5044.0,1,0
500,,,AMETHYSTS,SEASHELLS,10004.0,1,0
500,,,AMETHYSTS,SEASHELLS,10002.0,1,0
1300,,,STARFRUIT,SEASHELLS,5040.0,2,0
1400,,,STARFRUIT,SEASHELLS,5036.0,1,0
1500,,,STARFRUIT,SEASHELLS,5041.0,1,0
1500,,,AMETHYSTS,SEASHELLS,10002.0,1,0
1700,,,AMETHYSTS,SEASHELLS,10005.0,6,0
20100,,,STARFRUIT,SEASHELLS,5039.0,10,0
20100,,,AMETHYSTS,SEASHELLS,9998.0,1,0
20100,,,STARFRUIT,SEASHELLS,5039.0,2,0
20500,,,STARFRUIT,SEASHELLS,5037.0,10,0
20600,,,STARFRUIT,SEASHELLS,5040.0,1,0
20600,,,AMETHYSTS,SEASHELLS,10004.0,1,0
20800,,,STARFRUIT,SEASHELLS,5039.0,1,0
20900,,,AMETHYSTS,SEASHELLS,10004.0,1,0
21100,,,STARFRUIT,SEASHELLS,5034.0,2,0
21100,,,AMETHYSTS,SEASHELLS,9998.0,1,0
21100,,,AMETHYSTS,SEASHELLS,9998.0,1,0
21600,,,AMETHYSTS,SEASHELLS,10002.0,1,0
21600,,,STARFRUIT,SEASHELLS,5035.0,1,0
21900,,,AMETHYSTS,SEASHELLS,9996.0,1,0
21900,,,STARFRUIT,SEASHELLS,5036.0,1,0
40100,,,AMETHYSTS,SEASHELLS,10002.0,1,0
40300,,,STARFRUIT,SEASHELLS,5039.0,4,0
40300,,,AMETHYSTS,SEASHELLS,9996.0,1,0
40300,,,AMETHYSTS,SEASHELLS,9996.0,5,0
40800,,,STARFRUIT,SEASHELLS,5045.0,9,0
41200,,,STARFRUIT,SEASHELLS,5043.0,3,0
41400,,,STARFRUIT,SEASHELLS,5039.0,1,0
41500,,,AMETHYSTS,SEASHELLS,9998.0,1,0
41500,,,STARFRUIT,SEASHELLS,5040.0,2,0
41900,,,STARFRUIT,SEASHELLS,5039.0,2,0
60100,,,AMETHYSTS,SEASHELLS,9998.0,1,0
60100,,,STARFRUIT,SEASHELLS,5038.0,9,0
60200,,,AMETHYSTS,SEASHELLS,9998.0,1,0
60400,,,AMETHYSTS,SEASHELLS,9998.0,2,0
60500,,,STARFRUIT,SEASHELLS,5037.0,15,0
60500,,,AMETHYSTS,SEASHELLS,9996.0,1,0
60500,,,STARFRUIT,SEASHELLS,5037.0,1,0
61000,,,STARFRUIT,SEASHELLS,5038.0,1,0
61000,,,AMETHYSTS,SEASHELLS,10004.0,1,0
61100,,,STARFRUIT,SEASHELLS,5044.0,9,0
61500,,,AMETHYSTS,SEASHELLS,10002.0,6,0
80300,,,AMETHYSTS,SEASHELLS,9998.0,3,0
80400,,,STARFRUIT,SEASHELLS,5047.0,1,0
80400,,,STARFRUIT,SEASHELLS,5047.0,2,0
80400,,,AMETHYSTS,SEASHELLS,9998.0,1,0
80600,,,AMETHYSTS,SEASHELLS,9998.0,1,0
80700,,,AMETHYSTS,SEASHELLS,9998.0,1,0
81500,,,STARFRUIT,SEASHELLS,5044.0,1,0
81500,,,AMETHYSTS,SEASHELLS,10002.0,1,0
81700,,,STARFRUIT,SEASHELLS,5044.0,1,0
81800,,,STARFRUIT,SEASHELLS,5049.0,1,0
81900,,,STARFRUIT,SEASHELLS,5046.0,4,0
100100,,,STARFRUIT,SEASHELLS,5050.0,1,0
100400,,,STARFRUIT,SEASHELLS,5050.0,1,0
100400,,,AMETHYSTS,SEASHELLS,9998.0,1,0
100600,,,AMETHYSTS,SEASHELLS,9998.0,1,0
100600,,,STARFRUIT,SEASHELLS,5054.0,1,0
100900,,,AMETHYSTS,SEASHELLS,10002.0,1,0
101100,,,STARFRUIT,SEASHELLS,5053.0,10,0
101100,,,STARFRUIT,SEASHELLS,5053.0,1,0
101700,,,STARFRUIT,SEASHELLS,5046.0,1,0
101700,,,AMETHYSTS,SEASHELLS,10002.0,1,0
101900,,,STARFRUIT,SEASHELLS,5046.0,6,0
101900,,,STARFRUIT,SEASHELLS,5046.0,2,0
120100,,,STARFRUIT,SEASHELLS,5047.0,4,0
120100,,,STARFRUIT,SEASHELLS,5047.0,6,0
120200,,,AMETHYSTS,SEASHELLS,10002.0,1,0
120200,,,STARFRUIT,SEASHELLS,5042.0,1,0
120900,,,AMETHYSTS,SEASHELLS,10002.0,2,0
121000,,,AMETHYSTS,SEASHELLS,10004.0,1,0
121000,,,STARFRUIT,SEASHELLS,5050.0,1,0
121300,,,AMETHYSTS,SEASHELLS,10004.0,1,0
121300,,,STARFRUIT,SEASHELLS,5045.0,1,0
121600,,,STARFRUIT,SEASHELLS,5050.0,1,0
121600,,,STARFRUIT,SEASHELLS,5052.0,2,0
121600,,,AMETHYSTS,SEASHELLS,10002.0,2,0
121700,,,STARFRUIT,SEASHELLS,5050.0,1,0
121800,,,AMETHYSTS,SEASHELLS,9995.0,1,0
121800,,,STARFRUIT,SEASHELLS,5044.0,1,0
140500,,,AMETHYSTS,SEASHELLS,9998.0,1,0
140600,,,STARFRUIT,SEASHELLS,5053.0,1,0
141400,,,AMETHYSTS,SEASHELLS,9995.0,10,0
141500,,,STARFRUIT,SEASHELLS,5052.0,1,0
141600,,,AMETHYSTS,SEASHELLS,10002.0,2,0
141600,,,STARFRUIT,SEASHELLS,5057.0,4,0
141600,,,AMETHYSTS,SEASHELLS,10002.0,1,0
160000,,,AMETHYSTS,SEASHELLS,10005.0,12,0
160700,,,STARFRUIT,SEASHELLS,5048.0,4,0
161000,,,AMETHYSTS,SEASHELLS,9996.0,2,0
161000,,,STARFRUIT,SEASHELLS,5046.0,1,0
161000,,,STARFRUIT,SEASHELLS,5046.0,2,0
161500,,,STARFRUIT,SEASHELLS,5050.0,1,0
161600,,,AMETHYSTS,SEASHELLS,10002.0,1,0
180000,,,AMETHYSTS,SEASHELLS,9998.0,1,0
180100,,,STARFRUIT,SEASHELLS,5058.0,7,0
180300,,,STARFRUIT,SEASHELLS,5051.0,1,0
180400,,,STARFRUIT,SEASHELLS,5057.0,1,0
180600,,,AMETHYSTS,SEASHELLS,10002.0,1,0
180900,,,STARFRUIT,SEASHELLS,5058.0,2,0
180900,,,AMETHYSTS,SEASHELLS,10004.0,1,0
180900,,,AMETHYSTS,SEASHELLS,10004.0,1,0
181600,,,AMETHYSTS,SEASHELLS,10002.0,3,0
181700,,,STARFRUIT,SEASHELLS,5056.0,13,0
200100,,,STARFRUIT,SEASHELLS,5048.0,2,0
200100,,,AMETHYSTS,SEASHELLS,10002.0,5,0
200200,,,STARFRUIT,SEASHELLS,5047.0,15,0
200300,,,STARFRUIT,SEASHELLS,5048.0,1,0
200300,,,AMETHYSTS,SEASHELLS,10004.0,2,0
200400,,,STARFRUIT,SEASHELLS,5054.0,1,0
200400,,,AMETHYSTS,SEASHELLS,10004.0,1,0
200800,,,AMETHYSTS,SEASHELLS,10002.0,1,0
200900,,,STARFRUIT,SEASHELLS,5047.0,1,0
201800,,,AMETHYSTS,SEASHELLS,9998.0,3,0
220500,,,STARFRUIT,SEASHELLS,5045.0,3,0
221000,,,STARFRUIT,SEASHELLS,5050.0,10,0
221100,,,AMETHYSTS,SEASHELLS,10002.0,1,0
221100,,,STARFRUIT,SEASHELLS,5049.0,1,0
221200,,,STARFRUIT,SEASHELLS,5042.0,1,0
221200,,,AMETHYSTS,SEASHELLS,10002.0,1,0
221800,,,STARFRUIT,SEASHELLS,5046.0,5,0
240100,,,AMETHYSTS,SEASHELLS,9998.0,3,0
240100,,,STARFRUIT,SEASHELLS,5051.0,3,0
240200,,,AMETHYSTS,SEASHELLS,10002.0,5,0
240200,,,AMETHYSTS,SEASHELLS,10000.0,2,0
240700,,,STARFRUIT,SEASHELLS,5052.0,1,0
241000,,,STARFRUIT,SEASHELLS,5053.0,6,0
241000,,,AMETHYSTS,SEASHELLS,9998.0,5,0
241200,,,AMETHYSTS,SEASHELLS,10004.0,2,0
241200,,,AMETHYSTS,SEASHELLS,10004.0,6,0
241300,,,STARFRUIT,SEASHELLS,5047.0,4,0
241400,,,AMETHYSTS,SEASHELLS,9998.0,1,0
241600,,,STARFRUIT,SEASHELLS,5048.0,4,0
260300,,,AMETHYSTS,SEASHELLS,10002.0,1,0
260700,,,AMETHYSTS,SEASHELLS,9998.0,1,0
260700,,,STARFRUIT,SEASHELLS,5047.0,1,0
260800,,,STARFRUIT,SEASHELLS,5052.0,1,0
261000,,,STARFRUIT,SEASHELLS,5048.0,5,0
261100,,,STARFRUIT,SEASHELLS,5047.0,10,0
261200,,,STARFRUIT,SEASHELLS,5053.0,1,0
261400,,,STARFRUIT,SEASHELLS,5048.0,1,0
261600,,,AMETHYSTS,SEASHELLS,9998.0,5,0
261800,,,STARFRUIT,SEASHELLS,5046.0,1,0
261800,,,AMETHYSTS,SEASHELLS,9995.0,1,0
280000,,,AMETHYSTS,SEASHELLS,9996.0,1,0
280000,,,AMETHYSTS,SEASHELLS,9996.0,1,0
280500,,,STARFRUIT,SEASHELLS,5047.0,2,0
280500,,,AMETHYSTS,SEASHELLS,9996.0,1,0
280500,,,STARFRUIT,SEASHELLS,5048.0,1,0
280700,,,STARFRUIT,SEASHELLS,5053.0,1,0
280800,,,AMETHYSTS,SEASHELLS,10002.0,1,0
280800,,,AMETHYSTS,SEASHELLS,10002.0,1,0
280900,,,STARFRUIT,SEASHELLS,5053.0,5,0
281200,,,AMETHYSTS,SEASHELLS,9998.0,3,0
281200,,,AMETHYSTS,SEASHELLS,9998.0,4,0
281300,,,STARFRUIT,SEASHELLS,5053.0,1,0
281400,,,STARFRUIT,SEASHELLS,5049.0,2,0
281700,,,STARFRUIT,SEASHELLS,5055.0,1,0
281700,,,AMETHYSTS,SEASHELLS,10004.0,1,0
300300,,,STARFRUIT,SEASHELLS,5053.0,1,0
300400,,,STARFRUIT,SEASHELLS,5048.0,2,0
300400,,,STARFRUIT,SEASHELLS,5048.0,1,0
300400,,,AMETHYSTS,SEASHELLS,9995.0,2,0
300700,,,STARFRUIT,SEASHELLS,5054.0,1,0
300800,,,STARFRUIT,SEASHELLS,5049.0,1,0
301200,,,AMETHYSTS,SEASHELLS,10004.0,1,0
301200,,,STARFRUIT,SEASHELLS,5054.0,1,0
301200,,,AMETHYSTS,SEASHELLS,10004.0,1,0
301200,,,STARFRUIT,SEASHELLS,5054.0,2,0
301200,,,STARFRUIT,SEASHELLS,5053.0,7,0
301800,,,STARFRUIT,SEASHELLS,5047.0,14,0
301900,,,AMETHYSTS,SEASHELLS,10002.0,1,0
320000,,,AMETHYSTS,SEASHELLS,10002.0,1,0
320100,,,AMETHYSTS,SEASHELLS,10005.0,2,0
320300,,,AMETHYSTS,SEASHELLS,10002.0,1,0
320600,,,AMETHYSTS,SEASHELLS,9996.0,1,0
320600,,,STARFRUIT,SEASHELLS,5044.0,1,0
320900,,,STARFRUIT,SEASHELLS,5044.0,1,0
321000,,,STARFRUIT,SEASHELLS,5043.0,1,0
321200,,,AMETHYSTS,SEASHELLS,9998.0,1,0
321500,,,AMETHYSTS,SEASHELLS,10002.0,1,0
321600,,,AMETHYSTS,SEASHELLS,9998.0,1,0
321700,,,AMETHYSTS,SEASHELLS,10002.0,2,0
340400,,,AMETHYSTS,SEASHELLS,9996.0,1,0
340400,,,STARFRUIT,SEASHELLS,5041.0,1,0
340900,,,STARFRUIT,SEASHELLS,5041.0,14,0
341100,,,STARFRUIT,SEASHELLS,5047.0,2,0
341100,,,STARFRUIT,SEASHELLS,5047.0,10,0
341100,,,AMETHYSTS,SEASHELLS,9998.0,1,0
341400,,,STARFRUIT,SEASHELLS,5049.0,1,0
360000,,,AMETHYSTS,SEASHELLS,10005.0,1,0
360000,,,STARFRUIT,SEASHELLS,5055.0,1,0
360200,,,STARFRUIT,SEASHELLS,5053.0,8,0
360300,,,AMETHYSTS,SEASHELLS,10002.0,2,0
360300,,,STARFRUIT,SEASHELLS,5055.0,8,0
360600,,,AMETHYSTS,SEASHELLS,9996.0,2,0
360600,,,AMETHYSTS,SEASHELLS,9996.0,3,0
361100,,,STARFRUIT,SEASHELLS,5049.0,4,0
361400,,,STARFRUIT,SEASHELLS,5047.0,1,0
361400,,,STARFRUIT,SEASHELLS,5047.0,5,0
361800,,,STARFRUIT,SEASHELLS,5050.0,3,0
361800,,,AMETHYSTS,SEASHELLS,9998.0,1,0
380200,,,STARFRUIT,SEASHELLS,5054.0,1,0
380900,,,STARFRUIT,SEASHELLS,5049.0,1,0
381100,,,AMETHYSTS,SEASHELLS,10002.0,4,0
381100,,,STARFRUIT,SEASHELLS,5049.0,1,0
381100,,,AMETHYSTS,SEASHELLS,10002.0,1,0
381300,,,AMETHYSTS,SEASHELLS,10004.0,1,0
381300,,,STARFRUIT,SEASHELLS,5056.0,1,0
381500,,,STARFRUIT,SEASHELLS,5055.0,1,0
381700,,,STARFRUIT,SEASHELLS,5051.0,1,0
381700,,,AMETHYSTS,SEASHELLS,9998.0,1,0
381800,,,AMETHYSTS,SEASHELLS,10005.0,1,0
381800,,,STARFRUIT,SEASHELLS,5055.0,1,0
381900,,,STARFRUIT,SEASHELLS,5050.0,1,0
400000,,,STARFRUIT,SEASHELLS,5053.0,1,0
400300,,,STARFRUIT,SEASHELLS,5053.0,1,0
400700,,,STARFRUIT,SEASHELLS,5053.0,1,0
400800,,,STARFRUIT,SEASHELLS,5058.0,1,0
401100,,,AMETHYSTS,SEASHELLS,9996.0,2,0
401100,,,STARFRUIT,SEASHELLS,5052.0,2,0
401300,,,STARFRUIT,SEASHELLS,5053.0,1,0
420000,,,STARFRUIT,SEASHELLS,5050.0,1,0
420200,,,AMETHYSTS,SEASHELLS,9995.0,2,0
420200,,,STARFRUIT,SEASHELLS,5050.0,1,0
420300,,,AMETHYSTS,SEASHELLS,10004.0,1,0
420300,,,AMETHYSTS,SEASHELLS,10004.0,8,0
420400,,,STARFRUIT,SEASHELLS,5050.0,1,0
420800,,,AMETHYSTS,SEASHELLS,9998.0,1,0
421400,,,AMETHYSTS,SEASHELLS,9996.0,2,0
421400,,,STARFRUIT,SEASHELLS,5046.0,2,0
440000,,,AMETHYSTS,SEASHELLS,10002.0,1,0
440000,,,STARFRUIT,SEASHELLS,5058.0,2,0
440100,,,AMETHYSTS,SEASHELLS,10002.0,4,0
441200,,,STARFRUIT,SEASHELLS,5050.0,1,0
441300,,,AMETHYSTS,SEASHELLS,10002.0,2,0
441400,,,STARFRUIT,SEASHELLS,5055.0,1,0
441700,,,STARFRUIT,SEASHELLS,5054.0,1,0
441700,,,AMETHYSTS,SEASHELLS,9998.0,1,0
441700,,,STARFRUIT,SEASHELLS,5055.0,2,0
460000,,,AMETHYSTS,SEASHELLS,10004.0,1,0
460000,,,STARFRUIT,SEASHELLS,5065.0,1,0
460100,,,STARFRUIT,SEASHELLS,5064.0,1,0
460500,,,STARFRUIT,SEASHELLS,5064.0,1,0
460700,,,STARFRUIT,SEASHELLS,5059.0,8,0
461300,,,STARFRUIT,SEASHELLS,5066.0,1,0
461300,,,AMETHYSTS,SEASHELLS,9998.0,1,0
461500,,,STARFRUIT,SEASHELLS,5066.0,1,0
461500,,,AMETHYSTS,SEASHELLS,10002.0,3,0
480000,,,AMETHYSTS,SEASHELLS,10005.0,1,0
480000,,,STARFRUIT,SEASHELLS,5062.0,1,0
480200,,,AMETHYSTS,SEASHELLS,9995.0,6,0
480700,,,STARFRUIT,SEASHELLS,5054.0,1,0
480800,,,STARFRUIT,SEASHELLS,5055.0,1,0
481300,,,STARFRUIT,SEASHELLS,5058.0,1,0
481600,,,AMETHYSTS,SEASHELLS,10002.0,1,0
481900,,,AMETHYSTS,SEASHELLS,10005.0,2,0
481900,,,STARFRUIT,SEASHELLS,5060.0,2,0
500000,,,STARFRUIT,SEASHELLS,5060.0,1,0
501200,,,AMETHYSTS,SEASHELLS,10002.0,2,0
501200,,,STARFRUIT,SEASHELLS,5059.0,2,0
501800,,,AMETHYSTS,SEASHELLS,9996.0,1,0
501800,,,AMETHYSTS,SEASHELLS,9996.0,2,0
501800,,,STARFRUIT,SEASHELLS,5066.0,1,0
501800,,,STARFRUIT,SEASHELLS,5065.0,1,0
501900,,,AMETHYSTS,SEASHELLS,10002.0,2,0
520400,,,STARFRUIT,SEASHELLS,5063.0,1,0
520600,,,STARFRUIT,SEASHELLS,5067.0,4,0
520600,,,STARFRUIT,SEASHELLS,5067.0,6,0
521000,,,STARFRUIT,SEASHELLS,5064.0,8,0
521300,,,STARFRUIT,SEASHELLS,5063.0,1,0
521600,,,AMETHYSTS,SEASHELLS,10004.0,2,0
521600,,,AMETHYSTS,SEASHELLS,10004.0,9,0
521700,,,AMETHYSTS,SEASHELLS,10002.0,1,0
521700,,,AMETHYSTS,SEASHELLS,10004.0,1,0
521700,,,STARFRUIT,SEASHELLS,5068.0,1,0
521800,,,STARFRUIT,SEASHELLS,5064.0,1,0
521800,,,STARFRUIT,SEASHELLS,5070.0,15,0
540000,,,STARFRUIT,SEASHELLS,5064.0,1,0
540200,,,STARFRUIT,SEASHELLS,5058.0,15,0
540400,,,AMETHYSTS,SEASHELLS,9998.0,1,0
540600,,,AMETHYSTS,SEASHELLS,9998.0,4,0
540700,,,AMETHYSTS,SEASHELLS,10005.0,10,0
541200,,,AMETHYSTS,SEASHELLS,10002.0,1,0
541300,,,AMETHYSTS,SEASHELLS,9998.0,1,0
541300,,,STARFRUIT,SEASHELLS,5063.0,1,0
541500,,,AMETHYSTS,SEASHELLS,9996.0,2,0
541500,,,AMETHYSTS,SEASHELLS,9996.0,3,0
541700,,,STARFRUIT,SEASHELLS,5062.0,8,0
541700,,,STARFRUIT,SEASHELLS,5062.0,6,0
541800,,,STARFRUIT,SEASHELLS,5059.0,1,0
560200,,,STARFRUIT,SEASHELLS,5065.0,1,0
560500,,,AMETHYSTS,SEASHELLS,10002.0,1,0
560700,,,STARFRUIT,SEASHELLS,5071.0,6,0
560700,,,STARFRUIT,SEASHELLS,5065.0,1,0
560800,,,AMETHYSTS,SEASHELLS,9998.0,1,0
560800,,,STARFRUIT,SEASHELLS,5065.0,1,0
560900,,,AMETHYSTS,SEASHELLS,9998.0,1,0
561200,,,STARFRUIT,SEASHELLS,5065.0,5,0
561300,,,STARFRUIT,SEASHELLS,5064.0,4,0
561300,,,AMETHYSTS,SEASHELLS,9996.0,1,0
580000,,,STARFRUIT,SEASHELLS,5070.0,1,0
580500,,,STARFRUIT,SEASHELLS,5066.0,1,0
580800,,,STARFRUIT,SEASHELLS,5070.0,1,0
580900,,,AMETHYSTS,SEASHELLS,10004.0,3,0
580900,,,AMETHYSTS,SEASHELLS,10004.0,1,0
581600,,,AMETHYSTS,SEASHELLS,10004.0,7,0
581600,,,STARFRUIT,SEASHELLS,5071.0,1,0
581600,,,AMETHYSTS,SEASHELLS,10004.0,1,0
581800,,,AMETHYSTS,SEASHELLS,10002.0,4,0
600100,,,STARFRUIT,SEASHELLS,5073.0,1,0
600400,,,AMETHYSTS,SEASHELLS,10004.0,1,0
600400,,,STARFRUIT,SEASHELLS,5074.0,1,0
600600,,,STARFRUIT,SEASHELLS,5073.0,1,0
600700,,,STARFRUIT,SEASHELLS,5073.0,1,0
600800,,,STARFRUIT,SEASHELLS,5068.0,1,0
600800,,,STARFRUIT,SEASHELLS,5068.0,1,0
601300,,,AMETHYSTS,SEASHELLS,10005.0,1,0
601300,,,STARFRUIT,SEASHELLS,5075.0,1,0
601500,,,AMETHYSTS,SEASHELLS,10002.0,1,0
620100,,,STARFRUIT,SEASHELLS,5070.0,1,0
620300,,,STARFRUIT,SEASHELLS,5066.0,1,0
620300,,,AMETHYSTS,SEASHELLS,10002.0,1,0
620400,,,STARFRUIT,SEASHELLS,5072.0,2,0
620400,,,AMETHYSTS,SEASHELLS,10004.0,2,0
620800,,,STARFRUIT,SEASHELLS,5065.0,1,0
621600,,,STARFRUIT,SEASHELLS,5064.0,1,0
621800,,,AMETHYSTS,SEASHELLS,9998.0,1,0
640600,,,STARFRUIT,SEASHELLS,5071.0,1,0
640600,,,AMETHYSTS,SEASHELLS,9998.0,4,0
640600,,,AMETHYSTS,SEASHELLS,9996.0,1,0
641000,,,STARFRUIT,SEASHELLS,5071.0,1,0
641500,,,STARFRUIT,SEASHELLS,5070.0,1,0
660000,,,STARFRUIT,SEASHELLS,5068.0,4,0
660000,,,STARFRUIT,SEASHELLS,5068.0,2,0
660000,,,AMETHYSTS,SEASHELLS,10000.0,2,0
660100,,,STARFRUIT,SEASHELLS,5067.0,3,0
660200,,,STARFRUIT,SEASHELLS,5069.0,2,0
660300,,,STARFRUIT,SEASHELLS,5070.0,1,0
660300,,,STARFRUIT,SEASHELLS,5070.0,1,0
660300,,,AMETHYSTS,SEASHELLS,10004.0,1,0
660300,,,AMETHYSTS,SEASHELLS,10004.0,1,0
660400,,,STARFRUIT,SEASHELLS,5064.0,1,0
660500,,,STARFRUIT,SEASHELLS,5069.0,6,0
660500,,,STARFRUIT,SEASHELLS,5069.0,7,0
660700,,,STARFRUIT,SEASHELLS,5065.0,4,0
660900,,,AMETHYSTS,SEASHELLS,9996.0,1,0
660900,,,STARFRUIT,SEASHELLS,5064.0,1,0
661000,,,STARFRUIT,SEASHELLS,5064.0,2,0
661000,,,AMETHYSTS,SEASHELLS,9995.0,2,0
661000,,,AMETHYSTS,SEASHELLS,9996.0,2,0
661100,,,STARFRUIT,SEASHELLS,5069.0,1,0
661200,,,STARFRUIT,SEASHELLS,5065.0,9,0
661200,,,AMETHYSTS,SEASHELLS,9998.0,1,0
661400,,,AMETHYSTS,SEASHELLS,9998.0,3,0
661700,,,STARFRUIT,SEASHELLS,5070.0,13,0
661700,,,STARFRUIT,SEASHELLS,5068.0,1,0
661800,,,STARFRUIT,SEASHELLS,5070.0,1,0
661800,,,AMETHYSTS,SEASHELLS,10005.0,1,0
661900,,,AMETHYSTS,SEASHELLS,10002.0,1,0
680000,,,STARFRUIT,SEASHELLS,5065.0,3,0
680000,,,AMETHYSTS,SEASHELLS,9998.0,1,0
680200,,,AMETHYSTS,SEASHELLS,10004.0,1,0
680200,,,STARFRUIT,SEASHELLS,5068.0,1,0
680600,,,STARFRUIT,SEASHELLS,5064.0,1,0
680800,,,AMETHYSTS,SEASHELLS,10005.0,1,0
680800,,,STARFRUIT,SEASHELLS,5071.0,1,0
681000,,,STARFRUIT,SEASHELLS,5063.0,1,0
681500,,,STARFRUIT,SEASHELLS,5061.0,15,0
700500,,,AMETHYSTS,SEASHELLS,10004.0,1,0
700500,,,STARFRUIT,SEASHELLS,5063.0,1,0
700700,,,AMETHYSTS,SEASHELLS,10002.0,1,0
700700,,,AMETHYSTS,SEASHELLS,10000.0,1,0
700700,,,STARFRUIT,SEASHELLS,5061.0,2,0
700900,,,STARFRUIT,SEASHELLS,5063.0,4,0
701100,,,AMETHYSTS,SEASHELLS,10002.0,5,0
701100,,,AMETHYSTS,SEASHELLS,10005.0,6,0
701500,,,STARFRUIT,SEASHELLS,5058.0,1,0
701500,,,STARFRUIT,SEASHELLS,5059.0,1,0
701500,,,AMETHYSTS,SEASHELLS,9995.0,2,0
701500,,,STARFRUIT,SEASHELLS,5059.0,1,0
701700,,,STARFRUIT,SEASHELLS,5059.0,1,0
701900,,,AMETHYSTS,SEASHELLS,10004.0,1,0
701900,,,STARFRUIT,SEASHELLS,5065.0,1,0
720500,,,AMETHYSTS,SEASHELLS,9998.0,1,0
720600,,,STARFRUIT,SEASHELLS,5067.0,1,0
721000,,,STARFRUIT,SEASHELLS,5067.0,1,0
721200,,,AMETHYSTS,SEASHELLS,10002.0,1,0
721600,,,AMETHYSTS,SEASHELLS,10002.0,1,0
721800,,,AMETHYSTS,SEASHELLS,10002.0,1,0
721900,,,STARFRUIT,SEASHELLS,5067.0,1,0
740100,,,STARFRUIT,SEASHELLS,5062.0,1,0
740300,,,STARFRUIT,SEASHELLS,5062.0,1,0
740600,,,STARFRUIT,SEASHELLS,5057.0,1,0
740600,,,AMETHYSTS,SEASHELLS,10005.0,1,0
740800,,,STARFRUIT,SEASHELLS,5057.0,3,0
740800,,,STARFRUIT,SEASHELLS,5057.0,1,0
740800,,,AMETHYSTS,SEASHELLS,10004.0,1,0
740900,,,STARFRUIT,SEASHELLS,5062.0,8,0
740900,,,STARFRUIT,SEASHELLS,5062.0,1,0
741700,,,AMETHYSTS,SEASHELLS,10002.0,6,0
741700,,,STARFRUIT,SEASHELLS,5061.0,1,0
741900,,,STARFRUIT,SEASHELLS,5056.0,1,0
760100,,,STARFRUIT,SEASHELLS,5059.0,1,0
760100,,,AMETHYSTS,SEASHELLS,9996.0,1,0
760500,,,STARFRUIT,SEASHELLS,5065.0,1,0
760500,,,AMETHYSTS,SEASHELLS,10004.0,1,0
760900,,,AMETHYSTS,SEASHELLS,10004.0,2,0
760900,,,AMETHYSTS,SEASHELLS,10004.0,8,0
761200,,,STARFRUIT,SEASHELLS,5063.0,5,0
761600,,,STARFRUIT,SEASHELLS,5058.0,1,0
761700,,,STARFRUIT,SEASHELLS,5058.0,1,0
780300,,,STARFRUIT,SEASHELLS,5061.0,1,0
780400,,,AMETHYSTS,SEASHELLS,10002.0,1,0
780600,,,STARFRUIT,SEASHELLS,5061.0,1,0
780700,,,STARFRUIT,SEASHELLS,5067.0,1,0
780800,,,AMETHYSTS,SEASHELLS,10002.0,1,0
781000,,,AMETHYSTS,SEASHELLS,10004.0,6,0
781000,,,AMETHYSTS,SEASHELLS,10002.0,4,0
781000,,,AMETHYSTS,SEASHELLS,10004.0,1,0
781200,,,AMETHYSTS,SEASHELLS,9998.0,1,0
781500,,,STARFRUIT,SEASHELLS,5068.0,1,0
781500,,,AMETHYSTS,SEASHELLS,10002.0,4,0
781700,,,STARFRUIT,SEASHELLS,5063.0,1,0
800000,,,STARFRUIT,SEASHELLS,5082.0,3,0
800600,,,STARFRUIT,SEASHELLS,5077.0,1,0
801000,,,STARFRUIT,SEASHELLS,5083.0,1,0
801600,,,AMETHYSTS,SEASHELLS,10005.0,1,0
801600,,,STARFRUIT,SEASHELLS,5084.0,1,0
801700,,,AMETHYSTS,SEASHELLS,9996.0,1,0
820100,,,AMETHYSTS,SEASHELLS,10004.0,1,0
820100,,,STARFRUIT,SEASHELLS,5089.0,5,0
820100,,,STARFRUIT,SEASHELLS,5091.0,2,0
820100,,,AMETHYSTS,SEASHELLS,10004.0,1,0
820500,,,AMETHYSTS,SEASHELLS,9998.0,1,0
820600,,,STARFRUIT,SEASHELLS,5087.0,1,0
820900,,,STARFRUIT,SEASHELLS,5088.0,4,0
820900,,,STARFRUIT,SEASHELLS,5088.0,11,0
821500,,,AMETHYSTS,SEASHELLS,9996.0,1,0
821500,,,AMETHYSTS,SEASHELLS,9996.0,11,0
840000,,,AMETHYSTS,SEASHELLS,9998.0,1,0
840000,,,STARFRUIT,SEASHELLS,5091.0,1,0
840100,,,STARFRUIT,SEASHELLS,5085.0,2,0
840100,,,STARFRUIT,SEASHELLS,5084.0,1,0
840600,,,STARFRUIT,SEASHELLS,5084.0,1,0
840700,,,STARFRUIT,SEASHELLS,5084.0,1,0
840700,,,AMETHYSTS,SEASHELLS,10002.0,4,0
840800,,,AMETHYSTS,SEASHELLS,9998.0,1,0
841300,,,AMETHYSTS,SEASHELLS,10002.0,5,0
841400,,,STARFRUIT,SEASHELLS,5088.0,1,0
841500,,,AMETHYSTS,SEASHELLS,10004.0,1,0
841800,,,STARFRUIT,SEASHELLS,5090.0,8,0
860300,,,AMETHYSTS,SEASHELLS,9998.0,1,0
860600,,,AMETHYSTS,SEASHELLS,9998.0,1,0
861100,,,AMETHYSTS,SEASHELLS,9998.0,1,0
861100,,,AMETHYSTS,SEASHELLS,9998.0,4,0
861300,,,STARFRUIT,SEASHELLS,5073.0,11,0
861600,,,AMETHYSTS,SEASHELLS,10005.0,2,0
861600,,,STARFRUIT,SEASHELLS,5079.0,1,0
861600,,,STARFRUIT,SEASHELLS,5079.0,1,0
880000,,,STARFRUIT,SEASHELLS,5067.0,1,0
880400,,,STARFRUIT,SEASHELLS,5071.0,4,0
880700,,,STARFRUIT,SEASHELLS,5075.0,14,0
881200,,,STARFRUIT,SEASHELLS,5068.0,3,0
881300,,,STARFRUIT,SEASHELLS,5071.0,4,0
881600,,,AMETHYSTS,SEASHELLS,9998.0,1,0
881600,,,AMETHYSTS,SEASHELLS,9998.0,4,0
881800,,,AMETHYSTS,SEASHELLS,9996.0,1,0
881800,,,STARFRUIT,SEASHELLS,5068.0,1,0
881900,,,AMETHYSTS,SEASHELLS,10004.0,1,0
881900,,,STARFRUIT,SEASHELLS,5075.0,1,0
900000,,,AMETHYSTS,SEASHELLS,9995.0,1,0
900000,,,STARFRUIT,SEASHELLS,5060.0,1,0
900100,,,AMETHYSTS,SEASHELLS,10004.0,2,0
900200,,,STARFRUIT,SEASHELLS,5060.0,1,0
900500,,,STARFRUIT,SEASHELLS,5061.0,1,0
900700,,,STARFRUIT,SEASHELLS,5063.0,1,0
900700,,,AMETHYSTS,SEASHELLS,10000.0,1,0
900900,,,STARFRUIT,SEASHELLS,5061.0,10,0
900900,,,STARFRUIT,SEASHELLS,5061.0,3,0
901100,,,STARFRUIT,SEASHELLS,5060.0,1,0
901400,,,STARFRUIT,SEASHELLS,5065.0,7,0
901400,,,STARFRUIT,SEASHELLS,5065.0,1,0
901500,,,AMETHYSTS,SEASHELLS,9996.0,2,0
901500,,,AMETHYSTS,SEASHELLS,9996.0,2,0
901500,,,STARFRUIT,SEASHELLS,5066.0,1,0
901900,,,STARFRUIT,SEASHELLS,5061.0,5,0
920100,,,STARFRUIT,SEASHELLS,5059.0,3,0
920400,,,AMETHYSTS,SEASHELLS,9998.0,5,0
920900,,,STARFRUIT,SEASHELLS,5058.0,5,0
920900,,,STARFRUIT,SEASHELLS,5057.0,1,0
920900,,,AMETHYSTS,SEASHELLS,9996.0,1,0
940000,,,STARFRUIT,SEASHELLS,5055.0,1,0
940500,,,STARFRUIT,SEASHELLS,5062.0,1,0
940500,,,AMETHYSTS,SEASHELLS,10002.0,1,0
940800,,,AMETHYSTS,SEASHELLS,10002.0,1,0
940900,,,STARFRUIT,SEASHELLS,5062.0,1,0
940900,,,STARFRUIT,SEASHELLS,5062.0,12,0
941100,,,STARFRUIT,SEASHELLS,5056.0,14,0
941200,,,AMETHYSTS,SEASHELLS,9995.0,2,0
941300,,,STARFRUIT,SEASHELLS,5059.0,2,0
941700,,,STARFRUIT,SEASHELLS,5056.0,1,0
941700,,,STARFRUIT,SEASHELLS,5056.0,9,0
960100,,,STARFRUIT,SEASHELLS,5059.0,1,0
960200,,,STARFRUIT,SEASHELLS,5058.0,4,0
960400,,,AMETHYSTS,SEASHELLS,10002.0,1,0
960600,,,STARFRUIT,SEASHELLS,5059.0,1,0
960600,,,AMETHYSTS,SEASHELLS,10005.0,2,0
960600,,,STARFRUIT,SEASHELLS,5059.0,2,0
961000,,,STARFRUIT,SEASHELLS,5055.0,7,0
961100,,,STARFRUIT,SEASHELLS,5059.0,2,0
961100,,,AMETHYSTS,SEASHELLS,9995.0,6,0
961400,,,AMETHYSTS,SEASHELLS,10005.0,3,0
961400,,,AMETHYSTS,SEASHELLS,10002.0,4,0
961500,,,STARFRUIT,SEASHELLS,5059.0,1,0
961500,,,AMETHYSTS,SEASHELLS,10002.0,1,0
961600,,,STARFRUIT,SEASHELLS,5059.0,1,0
961700,,,AMETHYSTS,SEASHELLS,9998.0,1,0
980000,,,AMETHYSTS,SEASHELLS,10005.0,8,0
980500,,,STARFRUIT,SEASHELLS,5053.0,4,0
980800,,,STARFRUIT,SEASHELLS,5050.0,1,0
980800,,,AMETHYSTS,SEASHELLS,9996.0,1,0
980900,,,STARFRUIT,SEASHELLS,5050.0,1,0
981000,,,AMETHYSTS,SEASHELLS,10005.0,1,0
981000,,,STARFRUIT,SEASHELLS,5050.0,1,0
981000,,,STARFRUIT,SEASHELLS,5057.0,1,0
